4.7144,4.0524,3.5035,2.3884,2.0398,1.8044,1.3473,1.2199,0.84418,0.65504,0.60676
4.7142,4.0521,3.5033,2.3881,2.0396,1.8041,1.347,1.2196,0.84388,0.65474,0.60646
4.7138,4.0518,3.503,2.3878,2.0393,1.8038,1.3467,1.2193,0.84358,0.65444,0.60615
4.7135,4.0515,3.5027,2.3875,2.0389,1.8035,1.3464,1.219,0.84327,0.65413,0.60585
4.7133,4.0512,3.5024,2.3872,2.0386,1.8032,1.3461,1.2187,0.84297,0.65383,0.60554
4.713,4.0509,3.5021,2.3869,2.0384,1.8029,1.3458,1.2184,0.84267,0.65353,0.60524
4.7127,4.0506,3.5018,2.3866,2.038,1.8026,1.3455,1.2181,0.84236,0.65322,0.60494
4.7124,4.0503,3.5015,2.3863,2.0377,1.8023,1.3452,1.2178,0.84206,0.65292,0.60463
4.712,4.05,3.5012,2.386,2.0374,1.802,1.3449,1.2175,0.84175,0.65262,0.60433
4.7118,4.0497,3.5009,2.3857,2.0371,1.8017,1.3446,1.2172,0.84145,0.65231,0.60403
4.7115,4.0494,3.5006,2.3854,2.0368,1.8014,1.3443,1.2169,0.84115,0.65201,0.60372
4.7112,4.0491,3.5003,2.3851,2.0365,1.8011,1.344,1.2166,0.84084,0.6517,0.60342
4.7108,4.0488,3.5,2.3848,2.0362,1.8008,1.3437,1.2163,0.84054,0.6514,0.60311
4.7106,4.0485,3.4997,2.3845,2.0359,1.8005,1.3434,1.216,0.84024,0.6511,0.60281
4.7102,4.0482,3.4993,2.3841,2.0356,1.8002,1.3431,1.2156,0.83993,0.65079,0.6025
4.7099,4.0479,3.4991,2.3838,2.0353,1.7999,1.3428,1.2153,0.83963,0.65049,0.6022
4.7096,4.0476,3.4988,2.3835,2.035,1.7996,1.3425,1.215,0.83932,0.65018,0.6019
4.7093,4.0473,3.4984,2.3832,2.0347,1.7993,1.3421,1.2147,0.83902,0.64988,0.60159
4.709,4.047,3.4981,2.3829,2.0344,1.799,1.3418,1.2144,0.83871,0.64957,0.60129
4.7087,4.0467,3.4978,2.3826,2.0341,1.7987,1.3415,1.2141,0.83841,0.64927,0.60098
4.7084,4.0464,3.4975,2.3823,2.0338,1.7984,1.3412,1.2138,0.8381,0.64897,0.60068
4.7081,4.0461,3.4972,2.382,2.0335,1.7981,1.3409,1.2135,0.8378,0.64866,0.60038
4.7078,4.0458,3.4969,2.3817,2.0332,1.7977,1.3406,1.2132,0.83749,0.64836,0.60007
4.7075,4.0455,3.4966,2.3814,2.0329,1.7974,1.3403,1.2129,0.83719,0.64805,0.59977
4.7072,4.0452,3.4963,2.3811,2.0326,1.7971,1.34,1.2126,0.83688,0.64775,0.59946
4.7069,4.0449,3.496,2.3808,2.0323,1.7968,1.3397,1.2123,0.83658,0.64745,0.59916
4.7066,4.0445,3.4957,2.3805,2.032,1.7965,1.3394,1.212,0.83627,0.64714,0.59885
4.7063,4.0442,3.4954,2.3802,2.0317,1.7962,1.3391,1.2117,0.83597,0.64684,0.59855
4.706,4.0439,3.4951,2.3799,2.0314,1.7959,1.3388,1.2114,0.83566,0.64653,0.59825
4.7056,4.0436,3.4948,2.3796,2.0311,1.7956,1.3385,1.2111,0.83536,0.64623,0.59794
4.7053,4.0433,3.4945,2.3793,2.0307,1.7953,1.3382,1.2108,0.83505,0.64592,0.59764
4.705,4.043,3.4942,2.379,2.0304,1.795,1.3379,1.2105,0.83475,0.64562,0.59733
4.7047,4.0427,3.4939,2.3787,2.0301,1.7947,1.3376,1.2102,0.83444,0.64532,0.59703
4.7044,4.0424,3.4936,2.3783,2.0298,1.7944,1.3373,1.2099,0.83414,0.64501,0.59673
4.7041,4.0421,3.4933,2.378,2.0295,1.7941,1.337,1.2096,0.83383,0.64471,0.59642
4.7038,4.0418,3.493,2.3777,2.0292,1.7938,1.3366,1.2093,0.83352,0.6444,0.59612
4.7035,4.0415,3.4927,2.3774,2.0289,1.7935,1.3363,1.2089,0.83322,0.6441,0.59581
4.7031,4.0412,3.4924,2.3771,2.0286,1.7932,1.336,1.2086,0.83291,0.64379,0.59551
4.7028,4.0409,3.4921,2.3768,2.0283,1.7929,1.3357,1.2083,0.8326,0.64349,0.5952
4.7025,4.0405,3.4917,2.3765,2.028,1.7926,1.3354,1.208,0.83229,0.64318,0.5949
4.7022,4.0403,3.4914,2.3762,2.0277,1.7923,1.3351,1.2077,0.83199,0.64288,0.5946
4.7019,4.04,3.4912,2.3759,2.0274,1.792,1.3348,1.2074,0.83168,0.64258,0.59429
4.7015,4.0396,3.4908,2.3756,2.0271,1.7916,1.3345,1.2071,0.83137,0.64227,0.59398
4.7012,4.0393,3.4905,2.3752,2.0268,1.7913,1.3342,1.2068,0.83106,0.64196,0.59368
4.7009,4.039,3.4902,2.3749,2.0265,1.7911,1.3339,1.2065,0.83075,0.64166,0.59338
4.7006,4.0387,3.4899,2.3746,2.0262,1.7908,1.3336,1.2062,0.83045,0.64136,0.59308
4.7002,4.0384,3.4896,2.3743,2.0259,1.7904,1.3333,1.2059,0.83013,0.64105,0.59277
4.6999,4.0381,3.4893,2.374,2.0255,1.7901,1.3329,1.2056,0.82982,0.64074,0.59246
4.6996,4.0378,3.489,2.3737,2.0252,1.7898,1.3326,1.2053,0.82951,0.64044,0.59216
4.6993,4.0375,3.4887,2.3734,2.0249,1.7895,1.3323,1.205,0.8292,0.64014,0.59186
4.6989,4.0372,3.4884,2.373,2.0247,1.7892,1.332,1.2047,0.82889,0.63983,0.59155
4.6985,4.0368,3.4881,2.3727,2.0243,1.7889,1.3317,1.2043,0.82857,0.63952,0.59124
4.6982,4.0365,3.4878,2.3724,2.024,1.7886,1.3314,1.204,0.82825,0.63922,0.59094
4.6979,4.0362,3.4875,2.3721,2.0237,1.7883,1.3311,1.2037,0.82794,0.63892,0.59064
4.6974,4.0358,3.4871,2.3717,2.0234,1.788,1.3307,1.2034,0.82761,0.6386,0.59033
4.6972,4.0356,3.4869,2.3714,2.0231,1.7877,1.3304,1.2031,0.8273,0.6383,0.59003
4.6968,4.0352,3.4866,2.3711,2.0228,1.7874,1.3301,1.2028,0.82698,0.63799,0.58972
4.6963,4.0349,3.4862,2.3707,2.0225,1.7871,1.3297,1.2025,0.82665,0.63768,0.58941
4.6959,4.0345,3.4859,2.3703,2.0221,1.7867,1.3294,1.2021,0.82632,0.63737,0.5891
4.6956,4.0342,3.4856,2.37,2.0218,1.7864,1.3291,1.2018,0.826,0.63706,0.5888
4.6952,4.0339,3.4853,2.3697,2.0215,1.7862,1.3288,1.2015,0.82568,0.63676,0.58849
4.6948,4.0336,3.485,2.3693,2.0212,1.7858,1.3284,1.2012,0.82534,0.63645,0.58818
4.6943,4.0332,3.4847,2.3689,2.0209,1.7855,1.3281,1.2009,0.825,0.63613,0.58787
4.6938,4.0328,3.4843,2.3685,2.0205,1.7852,1.3277,1.2005,0.82466,0.63581,0.58756
4.6935,4.0325,3.484,2.3682,2.0202,1.7849,1.3274,1.2002,0.82433,0.63551,0.58725
4.6931,4.0322,3.4838,2.3679,2.0199,1.7846,1.327,1.1999,0.82399,0.6352,0.58695
4.6923,4.0316,3.4832,2.3674,2.0195,1.7842,1.3266,1.1995,0.82361,0.63486,0.58661
4.6921,4.0315,3.4831,2.3671,2.0193,1.7839,1.3263,1.1992,0.82328,0.63456,0.58632
4.6915,4.031,3.4827,2.3666,2.0189,1.7836,1.3259,1.1989,0.82291,0.63423,0.58599
4.6909,4.0306,3.4823,2.3662,2.0185,1.7832,1.3255,1.1985,0.82254,0.63391,0.58567
4.6904,4.0302,3.4821,2.3658,2.0182,1.7829,1.3252,1.1982,0.82218,0.63359,0.58536
4.69,4.0299,3.4818,2.3654,2.0179,1.7826,1.3248,1.1978,0.82181,0.63327,0.58505
4.6893,4.0294,3.4814,2.3649,2.0175,1.7823,1.3244,1.1975,0.82141,0.63293,0.58471
4.6885,4.0289,3.4809,2.3644,2.0171,1.7819,1.3239,1.1971,0.82101,0.63259,0.58438
4.6878,4.0284,3.4805,2.3639,2.0167,1.7815,1.3235,1.1967,0.8206,0.63225,0.58404
4.6872,4.028,3.4802,2.3634,2.0164,1.7812,1.3231,1.1963,0.82019,0.63191,0.58371
4.6866,4.0276,3.4799,2.3629,2.016,1.7808,1.3226,1.1959,0.81978,0.63157,0.58338
4.6857,4.027,3.4794,2.3623,2.0155,1.7804,1.3221,1.1955,0.81933,0.6312,0.58302
4.6847,4.0264,3.4789,2.3617,2.0151,1.78,1.3216,1.1951,0.81887,0.63083,0.58266
4.6844,4.0262,3.4787,2.3613,2.0148,1.7797,1.3212,1.1947,0.81844,0.63049,0.58232
4.6829,4.0252,3.478,2.3604,2.0142,1.7791,1.3206,1.1942,0.81791,0.63008,0.58192
4.6821,4.0247,3.4776,2.3598,2.0137,1.7787,1.3201,1.1937,0.81741,0.62968,0.58154
4.6811,4.0241,3.477,2.3591,2.0132,1.7782,1.3195,1.1932,0.81689,0.62928,0.58115
4.6798,4.0233,3.4764,2.3583,2.0126,1.7777,1.3188,1.1927,0.81632,0.62884,0.58072
4.6785,4.0225,3.4758,2.3575,2.012,1.7771,1.3182,1.1921,0.81575,0.6284,0.5803
4.6772,4.0216,3.4751,2.3566,2.0114,1.7765,1.3175,1.1915,0.81513,0.62792,0.57983
4.6759,4.0208,3.4744,2.3557,2.0107,1.7759,1.3167,1.1909,0.81449,0.62744,0.57936
4.6746,4.0199,3.4737,2.3548,2.0101,1.7753,1.316,1.1903,0.81385,0.62695,0.57889
4.6728,4.0187,3.4727,2.3536,2.0092,1.7745,1.3151,1.1895,0.8131,0.62637,0.57833
4.671,4.0175,3.4717,2.3524,2.0083,1.7737,1.3142,1.1888,0.81234,0.62579,0.57777
4.6692,4.0163,3.4707,2.3512,2.0074,1.7728,1.3133,1.188,0.81154,0.62517,0.57717
4.6674,4.015,3.4696,2.3499,2.0065,1.7719,1.3123,1.1871,0.8107,0.62452,0.57653
4.6649,4.0133,3.4682,2.3483,2.0052,1.7707,1.3111,1.1861,0.80975,0.62378,0.57582
4.6629,4.0118,3.4669,2.3469,2.0041,1.7696,1.3099,1.1851,0.80879,0.62301,0.57507
4.6602,4.0098,3.4651,2.345,2.0026,1.7682,1.3085,1.1839,0.80768,0.62212,0.5742
4.6574,4.0077,3.4633,2.3431,2.0011,1.7667,1.3071,1.1826,0.80654,0.62119,0.57329
4.6544,4.0053,3.4611,2.341,1.9992,1.7649,1.3055,1.1811,0.80525,0.62011,0.57224
4.6513,4.0029,3.4589,2.3388,1.9974,1.7632,1.3038,1.1796,0.80395,0.61903,0.57118
4.6477,3.9999,3.456,2.3362,1.9951,1.7609,1.3018,1.1778,0.80244,0.61773,0.56989
4.6439,3.9966,3.4529,2.3334,1.9926,1.7585,1.2997,1.1758,0.80082,0.61632,0.56851
4.64,3.9933,3.4498,2.3306,1.9901,1.7561,1.2976,1.1739,0.7992,0.61491,0.56712
4.6354,3.989,3.4456,2.3271,1.9869,1.7528,1.295,1.1713,0.79722,0.6131,0.56533
4.6308,3.9846,3.4414,2.3235,1.9835,1.7495,1.2923,1.1687,0.7952,0.61126,0.5635
4.6257,3.9798,3.4366,2.3196,1.9797,1.7458,1.2893,1.1659,0.793,0.60922,0.56148
4.62,3.9741,3.431,2.3152,1.9754,1.7414,1.2859,1.1626,0.79054,0.6069,0.55917
4.614,3.9681,3.4248,2.3104,1.9707,1.7367,1.2823,1.159,0.78792,0.60438,0.55667
4.6073,3.961,3.4177,2.305,1.9652,1.7313,1.2783,1.155,0.78499,0.60153,0.55383
4.5998,3.9528,3.4093,2.2988,1.9588,1.7248,1.2736,1.1503,0.78165,0.59823,0.55052
4.5922,3.9444,3.4006,2.2925,1.9523,1.7182,1.2688,1.1455,0.77825,0.59483,0.54713
4.5828,3.9336,3.3894,2.2846,1.9439,1.7098,1.2629,1.1395,0.77409,0.59062,0.54291
4.5737,3.9229,3.3782,2.2768,1.9356,1.7014,1.257,1.1334,0.76996,0.58641,0.5387
4.563,3.9103,3.3649,2.2676,1.9258,1.6915,1.2502,1.1264,0.76521,0.58154,0.53381
4.551,3.8958,3.3497,2.2573,1.9146,1.6802,1.2425,1.1185,0.75992,0.57606,0.52831
4.5395,3.8815,3.3345,2.2471,1.9035,1.6689,1.2349,1.1106,0.75466,0.57059,0.52282
4.5247,3.8633,3.3153,2.2343,1.8895,1.6548,1.2255,1.1008,0.74823,0.56391,0.51611
4.5095,3.8441,3.2949,2.2209,1.8747,1.6398,1.2155,1.0905,0.7415,0.55687,0.50905
4.4936,3.8236,3.2731,2.2068,1.859,1.6239,1.2051,1.0795,0.73441,0.54944,0.50159
4.4743,3.7992,3.2472,2.1901,1.8406,1.6051,1.1929,1.0668,0.72625,0.54088,0.49299
4.4542,3.7735,3.2198,2.1725,1.821,1.5853,1.1801,1.0533,0.7177,0.53188,0.48395
4.4309,3.7442,3.1885,2.1524,1.7989,1.5629,1.1656,1.0382,0.70812,0.52185,0.47389
4.4035,3.7102,3.1524,2.1293,1.7736,1.5374,1.1491,1.0212,0.69731,0.51064,0.46265
4.3756,3.675,3.1151,2.1054,1.7475,1.511,1.1322,1.0036,0.68618,0.4991,0.45108
4.3398,3.6319,3.0697,2.0763,1.7163,1.4794,1.1118,0.98282,0.67301,0.48566,0.43764
4.3035,3.5877,3.0233,2.0467,1.6844,1.4471,1.091,0.96156,0.65955,0.47199,0.42395
4.2642,3.5388,2.972,2.0143,1.6495,1.4118,1.0685,0.93848,0.64506,0.45726,0.40922
4.2139,3.4813,2.9123,1.9757,1.6092,1.3713,1.0425,0.91207,0.6285,0.44073,0.39272
4.1647,3.424,2.8526,1.9375,1.569,1.3307,1.0164,0.88566,0.6119,0.42424,0.37621
4.1079,3.357,2.7829,1.8934,1.5228,1.2843,0.98677,0.85576,0.59323,0.40588,0.35786
4.04,3.2827,2.7071,1.8442,1.4728,1.2341,0.9544,0.82349,0.57296,0.38633,0.33834
3.9733,3.208,2.6297,1.7952,1.4219,1.1831,0.92178,0.79087,0.55252,0.36652,0.31857
3.8897,3.1174,2.5384,1.7355,1.3628,1.1241,0.88362,0.75346,0.52902,0.34434,0.29649
3.8021,3.0246,2.4443,1.6748,1.3021,1.0636,0.84466,0.7152,0.50498,0.32175,0.27401
3.7024,2.9199,2.3394,1.6066,1.2353,0.99715,0.80175,0.67348,0.47887,0.29753,0.24995
3.5894,2.8037,2.2237,1.5313,1.1627,0.92502,0.75524,0.6286,0.45084,0.27185,0.22445
3.4586,2.6799,2.1028,1.4507,1.0872,0.85026,0.70639,0.58202,0.4215,0.24547,0.19832
3.3201,2.5427,1.9673,1.3634,1.0044,0.76818,0.65386,0.53184,0.39031,0.21744,0.17055
3.1589,2.3958,1.8262,1.2688,0.91832,0.68339,0.5984,0.4798,0.3577,0.18873,0.14217
2.99,2.2458,1.6798,1.1724,0.82989,0.59612,0.5418,0.42667,0.32435,0.15954,0.11331
2.7997,2.0692,1.5136,1.0622,0.73163,0.49977,0.47931,0.3688,0.2884,0.12854,0.08271
2.5859,1.8911,1.3474,0.94894,0.63314,0.40343,0.41591,0.3106,0.25182,0.097492,0.052105
2.3623,1.704,1.1704,0.83154,0.53025,0.30258,0.35045,0.25056,0.21435,0.065771,0.020829
2.1088,1.4967,0.9807,0.7033,0.42142,0.19648,0.28142,0.1879,0.17553,0.033231,-0.011232
1.8321,1.2867,0.79099,0.57188,0.31223,0.09037,0.21121,0.12481,0.13598,0.00064399,-0.043293
1.5389,1.0626,0.5862,0.43486,0.19781,-0.021082,0.13932,0.06013,0.096061,-0.03235,-0.075783
1.2143,0.83121,0.3798,0.29313,0.082375,-0.13305,0.066043,-0.0051627,0.05556,-0.065403,-0.10829
0.86906,0.59162,0.16621,0.14703,-0.035064,-0.24694,-0.0076291,-0.070665,0.01523,-0.098272,-0.14062
0.50154,0.34598,-0.050415,0.00026404,-0.15267,-0.36089,-0.080765,-0.13564,-0.024508,-0.13065,-0.17249
0.11572,0.098873,-0.26812,-0.1455,-0.26985,-0.47451,-0.1529,-0.1999,-0.063488,-0.1626,-0.20394
-0.28835,-0.14666,-0.48305,-0.291,-0.38435,-0.58551,-0.22356,-0.26231,-0.1014,-0.19348,-0.23434
-0.6811,-0.38731,-0.69593,-0.42914,-0.49643,-0.69456,-0.29094,-0.3228,-0.13747,-0.22351,-0.26396
-1.0798,-0.63004,-0.90762,-0.56963,-0.60844,-0.80292,-0.35897,-0.38348,-0.1739,-0.25339,-0.29339
-1.4698,-0.84469,-1.1004,-0.69122,-0.70782,-0.9005,-0.41742,-0.43635,-0.20514,-0.27994,-0.31968
-1.787,-1.0567,-1.2932,-0.80799,-0.80734,-0.99809,-0.47505,-0.48937,-0.23608,-0.3065,-0.34598
-2.1131,-1.2607,-1.4755,-0.92259,-0.90168,-1.0904,-0.5303,-0.53974,-0.26567,-0.33173,-0.37095
-2.3161,-1.4209,-1.634,-1.0054,-0.98232,-1.1708,-0.57436,-0.5824,-0.28972,-0.3538,-0.39293
-2.4721,-1.5811,-1.7925,-1.0876,-1.0629,-1.2512,-0.6184,-0.62504,-0.31378,-0.37588,-0.4149
-2.5472,-1.7051,-1.9226,-1.1506,-1.1292,-1.3181,-0.65352,-0.66025,-0.33332,-0.39464,-0.43364
-2.5384,-1.8144,-2.0452,-1.2045,-1.1913,-1.3814,-0.68525,-0.69317,-0.35124,-0.41251,-0.45153
-2.4398,-1.8958,-2.144,-1.2345,-1.2416,-1.4335,-0.7095,-0.72002,-0.36546,-0.42767,-0.46674
-2.3361,-1.9483,-2.2224,-1.26,-1.2817,-1.4759,-0.72783,-0.74163,-0.37655,-0.44046,-0.47963
-2.2069,-1.9851,-2.2846,-1.2709,-1.3139,-1.5105,-0.74149,-0.75921,-0.38531,-0.45133,-0.49059
-2.1083,-2.0072,-2.3335,-1.2751,-1.3394,-1.5385,-0.75123,-0.77325,-0.39196,-0.46051,-0.49986
-2.029,-2.0151,-2.3641,-1.2739,-1.3561,-1.5575,-0.75693,-0.7829,-0.3963,-0.46738,-0.50679
-1.9714,-2.0239,-2.3947,-1.2728,-1.373,-1.5765,-0.76284,-0.79269,-0.40081,-0.47428,-0.51372
-1.9327,-2.0134,-2.4005,-1.2631,-1.3769,-1.5821,-0.76202,-0.79542,-0.40129,-0.47739,-0.5168
-1.8956,-2.0042,-2.4037,-1.2544,-1.3801,-1.5864,-0.7617,-0.79798,-0.40203,-0.48016,-0.51948
-1.8849,-1.994,-2.4045,-1.2465,-1.3818,-1.5892,-0.76061,-0.7997,-0.40223,-0.48243,-0.52164
-1.8736,-1.9803,-2.3921,-1.2388,-1.3766,-1.5838,-0.75718,-0.79761,-0.40073,-0.48202,-0.52094
-1.864,-1.9677,-2.3796,-1.2311,-1.3716,-1.5784,-0.75419,-0.79571,-0.39951,-0.48163,-0.52023
-1.8595,-1.9534,-2.3636,-1.2237,-1.3642,-1.5703,-0.75022,-0.79224,-0.39747,-0.48004,-0.51822
-1.854,-1.9402,-2.3457,-1.2169,-1.3558,-1.5606,-0.74637,-0.78821,-0.39542,-0.47779,-0.51547
-1.8539,-1.9265,-2.3267,-1.2091,-1.3462,-1.5497,-0.74211,-0.78342,-0.39307,-0.47486,-0.51196
-1.8507,-1.9175,-2.3081,-1.2062,-1.3368,-1.5382,-0.73821,-0.7784,-0.39073,-0.47136,-0.50778
-1.8519,-1.9067,-2.2901,-1.2008,-1.327,-1.5265,-0.73436,-0.77311,-0.38833,-0.46743,-0.50308
-1.8489,-1.8975,-2.2727,-1.197,-1.3174,-1.515,-0.73078,-0.7679,-0.38609,-0.4634,-0.49825
-1.8484,-1.8894,-2.2572,-1.1935,-1.3085,-1.5041,-0.72738,-0.76276,-0.38393,-0.45909,-0.49306
-1.8484,-1.881,-2.2417,-1.1901,-1.2995,-1.4932,-0.72407,-0.75764,-0.38192,-0.4548,-0.48787
-1.846,-1.8746,-2.2288,-1.1873,-1.2916,-1.4835,-0.72123,-0.75289,-0.38009,-0.45048,-0.48262
-1.8489,-1.8681,-2.2168,-1.1845,-1.2839,-1.4742,-0.71842,-0.74819,-0.37828,-0.44614,-0.47733
-1.8512,-1.8617,-2.2047,-1.1819,-1.2763,-1.4649,-0.71567,-0.7435,-0.37659,-0.44181,-0.47205
-1.8461,-1.8572,-2.1959,-1.1799,-1.2703,-1.4576,-0.7134,-0.73952,-0.37515,-0.43778,-0.46706
-1.8495,-1.8524,-2.1871,-1.1775,-1.2642,-1.4502,-0.71107,-0.73547,-0.37374,-0.43373,-0.46206
-1.845,-1.8481,-2.1794,-1.1759,-1.2586,-1.4436,-0.70896,-0.73169,-0.37246,-0.42986,-0.45725
-1.8398,-1.8442,-2.1727,-1.1745,-1.2536,-1.4377,-0.70692,-0.72813,-0.37125,-0.42617,-0.45264
-1.8471,-1.841,-2.1668,-1.1726,-1.2493,-1.4325,-0.70516,-0.72492,-0.37023,-0.42267,-0.44823
-1.8446,-1.8379,-2.1618,-1.1708,-1.2451,-1.4278,-0.70335,-0.72177,-0.36919,-0.41935,-0.44404
-1.8446,-1.8354,-2.1576,-1.1698,-1.2418,-1.4239,-0.70186,-0.71911,-0.36836,-0.41635,-0.44018
-1.8445,-1.8331,-2.1536,-1.1686,-1.2386,-1.4202,-0.70036,-0.71646,-0.36753,-0.41339,-0.43639
-1.8448,-1.8311,-2.1506,-1.1676,-1.2359,-1.4172,-0.69904,-0.71417,-0.36683,-0.4108,-0.43301
-1.8449,-1.8291,-2.1476,-1.1667,-1.2333,-1.4143,-0.69764,-0.71182,-0.36609,-0.40819,-0.42962
-1.8449,-1.8275,-2.1451,-1.1657,-1.2311,-1.4119,-0.69645,-0.70979,-0.36548,-0.40587,-0.42655
-1.8448,-1.8262,-2.1431,-1.1648,-1.2293,-1.4098,-0.69536,-0.70795,-0.36494,-0.40373,-0.42368
-1.8446,-1.8247,-2.141,-1.1638,-1.2274,-1.4078,-0.69419,-0.70605,-0.36436,-0.40157,-0.42081
-1.845,-1.8237,-2.1394,-1.1632,-1.2259,-1.4062,-0.69324,-0.70449,-0.3639,-0.39974,-0.4183
-1.8458,-1.8226,-2.138,-1.1625,-1.2246,-1.4047,-0.69226,-0.70295,-0.36344,-0.39797,-0.41586
-1.8455,-1.8216,-2.1367,-1.1619,-1.2233,-1.4034,-0.69133,-0.70149,-0.363,-0.39629,-0.41352
-1.8464,-1.821,-2.1356,-1.1613,-1.2224,-1.4023,-0.69055,-0.70024,-0.36264,-0.3948,-0.41138
-1.8446,-1.8201,-2.1347,-1.1608,-1.2214,-1.4013,-0.68973,-0.69901,-0.36227,-0.39337,-0.40932
-1.8453,-1.8196,-2.1338,-1.1604,-1.2206,-1.4005,-0.68904,-0.69789,-0.36195,-0.39207,-0.40738
-1.8456,-1.819,-2.1332,-1.16,-1.22,-1.3998,-0.68842,-0.69691,-0.36168,-0.39091,-0.40558
-1.8455,-1.8184,-2.1325,-1.1597,-1.2194,-1.3991,-0.68779,-0.69592,-0.3614,-0.38976,-0.40381
-1.8454,-1.8181,-2.132,-1.1595,-1.2189,-1.3986,-0.68728,-0.6951,-0.36117,-0.38878,-0.40218
-1.8453,-1.8178,-2.1315,-1.1593,-1.2184,-1.3982,-0.68674,-0.69426,-0.36093,-0.38779,-0.40055
-1.8454,-1.8174,-2.1311,-1.1591,-1.218,-1.3977,-0.68626,-0.69349,-0.36072,-0.38688,-0.39899
-1.8458,-1.8171,-2.1308,-1.1591,-1.2177,-1.3973,-0.68587,-0.69282,-0.36055,-0.38606,-0.39752
-1.8462,-1.8167,-2.1304,-1.159,-1.2174,-1.397,-0.68547,-0.69214,-0.36037,-0.38523,-0.39604
-1.8467,-1.8165,-2.1301,-1.159,-1.2172,-1.3967,-0.68513,-0.69154,-0.36022,-0.38449,-0.39461
-1.8473,-1.8163,-2.1299,-1.159,-1.2169,-1.3964,-0.68483,-0.69096,-0.36007,-0.38379,-0.39321
-1.8479,-1.8161,-2.1296,-1.159,-1.2167,-1.3961,-0.68454,-0.69041,-0.35993,-0.38309,-0.39181
-1.8485,-1.8159,-2.1294,-1.1591,-1.2166,-1.3959,-0.68437,-0.68997,-0.35985,-0.38247,-0.39047
-1.8492,-1.8155,-2.1293,-1.1592,-1.2163,-1.3956,-0.68413,-0.68945,-0.35973,-0.38185,-0.3891
-1.8499,-1.8156,-2.1291,-1.1594,-1.2163,-1.3955,-0.68401,-0.68907,-0.35965,-0.38128,-0.38776
-1.8508,-1.8155,-2.1289,-1.1597,-1.2163,-1.3953,-0.68397,-0.68875,-0.35961,-0.38074,-0.38643
-1.8516,-1.8151,-2.1289,-1.1598,-1.2159,-1.395,-0.68379,-0.68828,-0.35951,-0.38017,-0.38505
-1.8525,-1.8151,-2.1287,-1.1601,-1.216,-1.3948,-0.6838,-0.68801,-0.35948,-0.37967,-0.38371
-1.8534,-1.8152,-2.1285,-1.1604,-1.2161,-1.3946,-0.68385,-0.68778,-0.35946,-0.37918,-0.38237
-1.8544,-1.8152,-2.1283,-1.1607,-1.2161,-1.3944,-0.68389,-0.68754,-0.35944,-0.37869,-0.38101
-1.8556,-1.815,-2.1283,-1.161,-1.2159,-1.3942,-0.68389,-0.68723,-0.35938,-0.37821,-0.3796
-1.8568,-1.8148,-2.1283,-1.1613,-1.2156,-1.3939,-0.68388,-0.68693,-0.35933,-0.37772,-0.3782
-1.8581,-1.8147,-2.1281,-1.1617,-1.2156,-1.3937,-0.68398,-0.68673,-0.35931,-0.37726,-0.37679
-1.8594,-1.8149,-2.1279,-1.162,-1.2157,-1.3935,-0.68415,-0.68662,-0.35931,-0.37682,-0.37538
-1.8607,-1.8151,-2.1276,-1.1624,-1.2159,-1.3933,-0.68433,-0.68651,-0.35932,-0.37637,-0.37397
-1.862,-1.8149,-2.1277,-1.1627,-1.2156,-1.393,-0.68438,-0.68625,-0.35925,-0.3759,-0.37248
-1.8633,-1.8148,-2.1277,-1.163,-1.2154,-1.3927,-0.68449,-0.68607,-0.35921,-0.37544,-0.37099
-1.8646,-1.8153,-2.1273,-1.1634,-1.2158,-1.3925,-0.68479,-0.6861,-0.35923,-0.37502,-0.36953
-1.8656,-1.8151,-2.1273,-1.1637,-1.2155,-1.3921,-0.68488,-0.68589,-0.35916,-0.37455,-0.36799
-1.8665,-1.8153,-2.1271,-1.1641,-1.2155,-1.3918,-0.68507,-0.68581,-0.35912,-0.3741,-0.36647
-1.8675,-1.8154,-2.127,-1.1644,-1.2155,-1.3915,-0.68527,-0.68573,-0.35907,-0.37365,-0.36491
-1.8686,-1.8156,-2.1268,-1.1647,-1.2154,-1.3911,-0.68546,-0.68565,-0.35901,-0.37318,-0.36334
-1.8697,-1.8158,-2.1267,-1.165,-1.2154,-1.3908,-0.68566,-0.68558,-0.35894,-0.37272,-0.36177
-1.8714,-1.816,-2.1265,-1.1653,-1.2153,-1.3904,-0.68586,-0.68553,-0.35886,-0.37225,-0.36015
-1.8731,-1.8161,-2.1264,-1.1657,-1.2153,-1.39,-0.68606,-0.68548,-0.35877,-0.37177,-0.35854
-1.8748,-1.8164,-2.1262,-1.166,-1.2153,-1.3897,-0.68627,-0.68544,-0.35867,-0.37129,-0.35691
-1.8768,-1.8166,-2.126,-1.1663,-1.2152,-1.3892,-0.68647,-0.68541,-0.35855,-0.37079,-0.35525
-1.8787,-1.8169,-2.1258,-1.1666,-1.2152,-1.3888,-0.68667,-0.68538,-0.35842,-0.37029,-0.3536
-1.8806,-1.8172,-2.1256,-1.1669,-1.2151,-1.3884,-0.68686,-0.68536,-0.35827,-0.36977,-0.35192
-1.8826,-1.8174,-2.1254,-1.1672,-1.2151,-1.388,-0.68705,-0.68534,-0.35812,-0.36925,-0.35023
-1.8844,-1.8178,-2.1252,-1.1674,-1.215,-1.3875,-0.68723,-0.68533,-0.35794,-0.36872,-0.34852
-1.8862,-1.818,-2.125,-1.1677,-1.215,-1.387,-0.6874,-0.68532,-0.35774,-0.36817,-0.3468
-1.8877,-1.8184,-2.1248,-1.168,-1.2149,-1.3865,-0.68756,-0.68531,-0.35752,-0.36761,-0.34507
-1.8893,-1.8187,-2.1245,-1.1683,-1.2149,-1.386,-0.68771,-0.68531,-0.35728,-0.36703,-0.34333
-1.891,-1.819,-2.1243,-1.1686,-1.2148,-1.3855,-0.68785,-0.6853,-0.35702,-0.36644,-0.34157
-1.8928,-1.8194,-2.124,-1.1689,-1.2147,-1.385,-0.68799,-0.6853,-0.35676,-0.36585,-0.33981
-1.8963,-1.8197,-2.1238,-1.1692,-1.2147,-1.3844,-0.68809,-0.6853,-0.35644,-0.36522,-0.33803
-1.8999,-1.8201,-2.1235,-1.1694,-1.2146,-1.3839,-0.6882,-0.6853,-0.35612,-0.36459,-0.33625
-1.9038,-1.8204,-2.1233,-1.1697,-1.2145,-1.3833,-0.6883,-0.6853,-0.35579,-0.36395,-0.33447
-1.9089,-1.8208,-2.123,-1.1699,-1.2145,-1.3827,-0.68836,-0.6853,-0.35541,-0.36327,-0.33266
-1.914,-1.8211,-2.1227,-1.1702,-1.2144,-1.3821,-0.68843,-0.6853,-0.35503,-0.36259,-0.33086
-1.9189,-1.8216,-2.1224,-1.1704,-1.2143,-1.3815,-0.68848,-0.68529,-0.35461,-0.36188,-0.32904
-1.9238,-1.822,-2.1221,-1.1705,-1.2142,-1.3809,-0.68851,-0.68529,-0.35417,-0.36116,-0.32723
-1.9285,-1.8224,-2.1218,-1.1706,-1.2142,-1.3803,-0.68852,-0.68528,-0.3537,-0.36042,-0.3254
-1.9339,-1.8231,-2.1215,-1.1707,-1.2141,-1.3796,-0.68851,-0.68527,-0.3532,-0.35965,-0.32357
-1.9403,-1.8236,-2.1212,-1.1707,-1.214,-1.379,-0.68848,-0.68526,-0.35267,-0.35886,-0.32173
-1.9471,-1.8241,-2.1208,-1.1708,-1.2139,-1.3783,-0.68843,-0.68524,-0.35212,-0.35804,-0.31989
-1.9551,-1.8246,-2.1205,-1.1707,-1.2138,-1.3776,-0.68835,-0.68522,-0.35152,-0.35719,-0.31804
-1.9631,-1.8251,-2.1202,-1.1707,-1.2137,-1.3769,-0.68828,-0.6852,-0.35092,-0.35634,-0.31619
-1.9714,-1.8256,-2.1198,-1.1707,-1.2136,-1.3762,-0.68816,-0.68517,-0.35025,-0.35544,-0.31434
-1.9798,-1.826,-2.1194,-1.1706,-1.2135,-1.3755,-0.68802,-0.68514,-0.34957,-0.35452,-0.31248
-1.9883,-1.8264,-2.1191,-1.1706,-1.2134,-1.3748,-0.68789,-0.68511,-0.34889,-0.3536,-0.31062
-1.9969,-1.827,-2.1187,-1.1706,-1.2133,-1.374,-0.68769,-0.68507,-0.34811,-0.35261,-0.30876
-2.0054,-1.8276,-2.1183,-1.1705,-1.2132,-1.3733,-0.6875,-0.68503,-0.34734,-0.35161,-0.3069
-2.0145,-1.8283,-2.1179,-1.1705,-1.2131,-1.3725,-0.68727,-0.68498,-0.34653,-0.35059,-0.30503
-2.024,-1.8292,-2.1175,-1.1706,-1.2129,-1.3717,-0.68703,-0.68493,-0.34568,-0.34953,-0.30317
-2.0334,-1.8305,-2.1171,-1.1705,-1.2128,-1.3709,-0.68676,-0.68487,-0.3448,-0.34845,-0.3013
-2.0454,-1.8319,-2.1167,-1.1705,-1.2127,-1.3701,-0.68646,-0.68481,-0.34387,-0.34733,-0.29944
-2.0567,-1.8338,-2.1163,-1.1705,-1.2126,-1.3693,-0.68612,-0.68473,-0.34288,-0.34617,-0.29757
-2.0683,-1.8357,-2.1159,-1.1704,-1.2124,-1.3685,-0.68577,-0.68466,-0.34188,-0.345,-0.2957
-2.0808,-1.8376,-2.1154,-1.1702,-1.2123,-1.3677,-0.68537,-0.68457,-0.34079,-0.34378,-0.29384
-2.0934,-1.8395,-2.115,-1.17,-1.2122,-1.3668,-0.68498,-0.68448,-0.33971,-0.34256,-0.29198
-2.1056,-1.8412,-2.1145,-1.1698,-1.212,-1.366,-0.68453,-0.68438,-0.33854,-0.3413,-0.29011
-2.1178,-1.8427,-2.1141,-1.1695,-1.2119,-1.3651,-0.68405,-0.68428,-0.33733,-0.34001,-0.28825
-2.1299,-1.8442,-2.1136,-1.1693,-1.2117,-1.3642,-0.68358,-0.68417,-0.33611,-0.33872,-0.28639
-2.1442,-1.8454,-2.1131,-1.1692,-1.2115,-1.3633,-0.68303,-0.68405,-0.33476,-0.33737,-0.28454
-2.1587,-1.8466,-2.1127,-1.169,-1.2114,-1.3624,-0.68248,-0.68392,-0.33339,-0.33601,-0.28268
-2.1721,-1.8479,-2.1122,-1.169,-1.2112,-1.3615,-0.6819,-0.68379,-0.33197,-0.33463,-0.28083
-2.1835,-1.8492,-2.1117,-1.1691,-1.211,-1.3606,-0.68127,-0.68364,-0.33046,-0.33322,-0.27898
-2.1923,-1.8508,-2.1112,-1.1692,-1.2109,-1.3597,-0.68063,-0.68348,-0.32889,-0.33179,-0.27713
-2.2,-1.8522,-2.1107,-1.1695,-1.2107,-1.3587,-0.67995,-0.68332,-0.32723,-0.33033,-0.27529
-2.209,-1.8538,-2.1101,-1.1698,-1.2105,-1.3578,-0.67924,-0.68313,-0.32545,-0.32883,-0.27345
-2.2181,-1.8556,-2.1096,-1.1702,-1.2103,-1.3568,-0.67852,-0.68295,-0.32366,-0.32733,-0.27161
-2.2285,-1.857,-2.1091,-1.1709,-1.2101,-1.3558,-0.67775,-0.68274,-0.32167,-0.32577,-0.26978
-2.2389,-1.8584,-2.1086,-1.1716,-1.2099,-1.3548,-0.67697,-0.68253,-0.31968,-0.32421,-0.26795
-2.248,-1.8597,-2.108,-1.1725,-1.2097,-1.3538,-0.67618,-0.6823,-0.31759,-0.32263,-0.26613
-2.2558,-1.8609,-2.1074,-1.1734,-1.2095,-1.3528,-0.67536,-0.68205,-0.31538,-0.32101,-0.26431
-2.2636,-1.8621,-2.1069,-1.1743,-1.2093,-1.3518,-0.67454,-0.68181,-0.31317,-0.31939,-0.2625
-2.2733,-1.8633,-2.1063,-1.1756,-1.2091,-1.3508,-0.6737,-0.68153,-0.31085,-0.31772,-0.26069
-2.2837,-1.8646,-2.1057,-1.177,-1.2089,-1.3497,-0.67284,-0.68125,-0.30847,-0.31604,-0.25889
-2.2943,-1.8663,-2.1052,-1.1785,-1.2087,-1.3487,-0.67198,-0.68096,-0.30609,-0.31435,-0.25708
-2.3052,-1.8696,-2.1046,-1.1808,-1.2085,-1.3476,-0.6711,-0.68065,-0.30364,-0.31262,-0.25529
-2.3136,-1.8731,-2.104,-1.1832,-1.2083,-1.3465,-0.67022,-0.68032,-0.30118,-0.31088,-0.2535
-2.3174,-1.8781,-2.1034,-1.186,-1.208,-1.3455,-0.66933,-0.67998,-0.2987,-0.30911,-0.25172
-2.3173,-1.8837,-2.1027,-1.1893,-1.2078,-1.3444,-0.66841,-0.67961,-0.29622,-0.30732,-0.24995
-2.3155,-1.8893,-2.1021,-1.1928,-1.2076,-1.3433,-0.66749,-0.67923,-0.29373,-0.30552,-0.24817
-2.3186,-1.8954,-2.1015,-1.1975,-1.2073,-1.3422,-0.66654,-0.67882,-0.29124,-0.30368,-0.24641
-2.3226,-1.9015,-2.1009,-1.2024,-1.2071,-1.3411,-0.66557,-0.6784,-0.28874,-0.30184,-0.24466
-2.329,-1.9075,-2.1002,-1.208,-1.2069,-1.3399,-0.66458,-0.67796,-0.28626,-0.29997,-0.2429
-2.3404,-1.9133,-2.0996,-1.2152,-1.2066,-1.3388,-0.66354,-0.67748,-0.28379,-0.29807,-0.24116
-2.3517,-1.9191,-2.0989,-1.2224,-1.2064,-1.3376,-0.6625,-0.677,-0.28132,-0.29618,-0.23942
-2.3655,-1.9265,-2.0983,-1.2296,-1.2061,-1.3365,-0.66139,-0.67649,-0.2789,-0.29425,-0.23769
-2.3813,-1.9353,-2.0976,-1.2369,-1.2059,-1.3353,-0.66024,-0.67594,-0.2765,-0.29229,-0.23597
-2.3969,-1.9441,-2.0969,-1.2443,-1.2057,-1.3342,-0.65907,-0.67539,-0.27411,-0.29033,-0.23424
-2.4109,-1.9554,-2.0962,-1.2513,-1.2054,-1.333,-0.65779,-0.67477,-0.27177,-0.28833,-0.23254
-2.4222,-1.9665,-2.0955,-1.2583,-1.2052,-1.3318,-0.6565,-0.67415,-0.26944,-0.28631,-0.23083
-2.4197,-1.9777,-2.0948,-1.2655,-1.205,-1.3306,-0.65511,-0.67347,-0.26713,-0.28426,-0.22913
-2.409,-1.9892,-2.0941,-1.2722,-1.2047,-1.3294,-0.65364,-0.67275,-0.2648,-0.28218,-0.22745
-2.3973,-2.0004,-2.0934,-1.2782,-1.2045,-1.3282,-0.65214,-0.672,-0.26245,-0.28008,-0.22576
-2.3907,-2.0115,-2.0927,-1.2842,-1.2043,-1.327,-0.65055,-0.67118,-0.26004,-0.27793,-0.22409
-2.3865,-2.0227,-2.092,-1.2902,-1.2041,-1.3257,-0.64892,-0.67033,-0.25759,-0.27576,-0.22242
-2.383,-2.0336,-2.0912,-1.2964,-1.2038,-1.3245,-0.64726,-0.66945,-0.25511,-0.27358,-0.22076
-2.3828,-2.0438,-2.0905,-1.3034,-1.2036,-1.3232,-0.64547,-0.66846,-0.25247,-0.27133,-0.21912
-2.3826,-2.0539,-2.0897,-1.3104,-1.2034,-1.322,-0.64369,-0.66747,-0.24982,-0.26908,-0.21747
-2.3784,-2.0653,-2.089,-1.3174,-1.2031,-1.3207,-0.64187,-0.66641,-0.24709,-0.26679,-0.21583
-2.3685,-2.0784,-2.0882,-1.3242,-1.2029,-1.3194,-0.63999,-0.66526,-0.24422,-0.26445,-0.21421
-2.3586,-2.0915,-2.0875,-1.331,-1.2026,-1.3181,-0.63812,-0.66411,-0.24136,-0.26211,-0.21258
-2.3468,-2.1051,-2.0867,-1.3366,-1.2023,-1.3168,-0.63623,-0.66283,-0.23834,-0.25972,-0.21097
-2.3344,-2.1181,-2.0859,-1.342,-1.202,-1.3154,-0.63433,-0.66153,-0.2353,-0.25731,-0.20936
-2.3164,-2.119,-2.0851,-1.3473,-1.2017,-1.3141,-0.63243,-0.66014,-0.23217,-0.25486,-0.20776
-2.3031,-2.1162,-2.0843,-1.3522,-1.2014,-1.3127,-0.63048,-0.65867,-0.22898,-0.25238,-0.20618
-2.2923,-2.1087,-2.0835,-1.3565,-1.201,-1.3114,-0.62855,-0.65716,-0.22576,-0.24987,-0.2046
-2.283,-2.1074,-2.0827,-1.3596,-1.2007,-1.31,-0.62657,-0.65556,-0.2225,-0.24734,-0.20302
-2.275,-2.1116,-2.0819,-1.3616,-1.2003,-1.3085,-0.62456,-0.6539,-0.21923,-0.24477,-0.20146
-2.2669,-2.1159,-2.0811,-1.3636,-1.1999,-1.3071,-0.62254,-0.65224,-0.21596,-0.24221,-0.1999
-2.2551,-2.1274,-2.0803,-1.364,-1.1995,-1.3057,-0.62044,-0.65043,-0.21272,-0.23956,-0.19836
-2.2433,-2.1389,-2.0794,-1.3644,-1.1991,-1.3042,-0.61833,-0.64862,-0.20948,-0.23692,-0.19682
-2.2316,-2.1512,-2.0786,-1.3653,-1.1987,-1.3027,-0.61621,-0.64679,-0.20626,-0.23426,-0.19528
-2.2198,-2.1657,-2.0777,-1.3675,-1.1983,-1.3012,-0.61404,-0.64486,-0.20314,-0.23153,-0.19376
-2.208,-2.1803,-2.0769,-1.3698,-1.1979,-1.2997,-0.61187,-0.64293,-0.20001,-0.22881,-0.19224
-2.2043,-2.1882,-2.076,-1.3732,-1.1975,-1.2981,-0.60973,-0.64096,-0.19698,-0.22603,-0.19074
-2.2034,-2.1938,-2.0752,-1.377,-1.1971,-1.2966,-0.60761,-0.63897,-0.19399,-0.22323,-0.18923
-2.1981,-2.192,-2.0743,-1.3789,-1.1966,-1.295,-0.60538,-0.63697,-0.19108,-0.22039,-0.18774
-2.1934,-2.1882,-2.0734,-1.3821,-1.1961,-1.2934,-0.60311,-0.63492,-0.18825,-0.21752,-0.18626
-2.1826,-2.1886,-2.0725,-1.384,-1.1956,-1.2918,-0.60062,-0.63289,-0.18548,-0.21461,-0.18479
-2.1712,-2.1884,-2.0716,-1.3858,-1.195,-1.2902,-0.59794,-0.63084,-0.18275,-0.21168,-0.18332
-2.1584,-2.1872,-2.0707,-1.3875,-1.1944,-1.2885,-0.5949,-0.62875,-0.18008,-0.20872,-0.18187
-2.1456,-2.186,-2.0698,-1.3892,-1.1938,-1.2868,-0.59187,-0.62665,-0.17742,-0.20575,-0.18041
-2.127,-2.1937,-2.0689,-1.3904,-1.1931,-1.2851,-0.58819,-0.62451,-0.17482,-0.20274,-0.17898
-2.1073,-2.2029,-2.068,-1.3916,-1.1924,-1.2834,-0.58439,-0.62235,-0.17223,-0.19972,-0.17755
-2.0872,-2.2124,-2.0671,-1.3928,-1.1916,-1.2817,-0.58055,-0.6202,-0.16964,-0.19669,-0.17612
-2.064,-2.2234,-2.0662,-1.3931,-1.1908,-1.28,-0.57626,-0.61799,-0.16706,-0.19363,-0.17471
-2.0408,-2.2345,-2.0652,-1.3934,-1.19,-1.2782,-0.57197,-0.61578,-0.16447,-0.19056,-0.17329
-2.0202,-2.2397,-2.0643,-1.3925,-1.1891,-1.2765,-0.56751,-0.61359,-0.16187,-0.18748,-0.17189
-2.0014,-2.2407,-2.0633,-1.3908,-1.1881,-1.2747,-0.56294,-0.61142,-0.15926,-0.18439,-0.1705
-1.9806,-2.2398,-2.0624,-1.3883,-1.1872,-1.2729,-0.55827,-0.6092,-0.15661,-0.18129,-0.16912
-1.9664,-2.2334,-2.0614,-1.3861,-1.1861,-1.2711,-0.55345,-0.607,-0.15393,-0.17819,-0.16774
-1.9472,-2.2241,-2.0604,-1.3826,-1.185,-1.2692,-0.54842,-0.60472,-0.1512,-0.17508,-0.16638
-1.9279,-2.2167,-2.0595,-1.379,-1.184,-1.2673,-0.54335,-0.6024,-0.14846,-0.17197,-0.16502
-1.9082,-2.2165,-2.0585,-1.3749,-1.1829,-1.2654,-0.53806,-0.59996,-0.14564,-0.16886,-0.16367
-1.8884,-2.2163,-2.0575,-1.3707,-1.1818,-1.2635,-0.53277,-0.59751,-0.14283,-0.16575,-0.16233
-1.8704,-2.2143,-2.0565,-1.3676,-1.1808,-1.2616,-0.52734,-0.59497,-0.13995,-0.16264,-0.161
-1.8531,-2.2115,-2.0555,-1.3649,-1.1798,-1.2596,-0.52183,-0.59237,-0.13704,-0.15954,-0.15967
-1.8357,-2.2087,-2.0545,-1.3622,-1.1788,-1.2577,-0.51633,-0.58978,-0.13413,-0.15644,-0.15835
-1.81,-2.2032,-2.0535,-1.3597,-1.1779,-1.2557,-0.51075,-0.58711,-0.13117,-0.15335,-0.15705
-1.7838,-2.1975,-2.0525,-1.3573,-1.177,-1.2537,-0.50517,-0.58443,-0.12821,-0.15026,-0.15574
-1.7555,-2.1978,-2.0515,-1.3543,-1.1762,-1.2516,-0.49957,-0.58172,-0.12525,-0.14718,-0.15445
-1.7247,-2.2063,-2.0504,-1.3504,-1.1756,-1.2495,-0.49394,-0.57895,-0.1223,-0.14411,-0.15316
-1.695,-2.2165,-2.0494,-1.3457,-1.1751,-1.2474,-0.4883,-0.57614,-0.11935,-0.14104,-0.15188
-1.6665,-2.2319,-2.0484,-1.3403,-1.175,-1.2453,-0.48267,-0.57322,-0.11645,-0.13798,-0.15062
-1.6367,-2.2336,-2.0473,-1.3317,-1.1752,-1.2432,-0.47702,-0.57021,-0.11359,-0.13494,-0.14936
-1.6068,-2.233,-2.0463,-1.3225,-1.1753,-1.241,-0.47136,-0.56718,-0.11075,-0.1319,-0.1481
-1.5792,-2.2214,-2.0452,-1.3098,-1.1758,-1.2388,-0.46566,-0.56404,-0.108,-0.12888,-0.14686
-1.5517,-2.2097,-2.0441,-1.297,-1.1763,-1.2365,-0.45995,-0.5609,-0.10526,-0.12586,-0.14562
-1.5267,-2.2013,-2.043,-1.2842,-1.1769,-1.2343,-0.4542,-0.55776,-0.10259,-0.12285,-0.14439
-1.5039,-2.1957,-2.042,-1.2713,-1.1777,-1.2319,-0.44842,-0.55462,-0.10001,-0.11986,-0.14317
-1.4811,-2.19,-2.0409,-1.2585,-1.1784,-1.2296,-0.44263,-0.55147,-0.097416,-0.11687,-0.14196
-1.461,-2.1888,-2.0398,-1.2458,-1.1793,-1.2272,-0.43677,-0.54837,-0.094978,-0.11392,-0.14075
-1.4417,-2.1888,-2.0387,-1.2331,-1.1803,-1.2248,-0.4309,-0.54527,-0.092583,-0.11098,-0.13955
-1.4233,-2.1825,-2.0376,-1.22,-1.1813,-1.2224,-0.42499,-0.54216,-0.090239,-0.10806,-0.13836
-1.4078,-2.1589,-2.0365,-1.206,-1.1824,-1.2199,-0.41902,-0.53899,-0.088038,-0.10518,-0.13718
-1.3882,-2.135,-2.0354,-1.1912,-1.1834,-1.2174,-0.41303,-0.53576,-0.085891,-0.10232,-0.136
-1.3648,-2.114,-2.0342,-1.1761,-1.1848,-1.2149,-0.40706,-0.5324,-0.083878,-0.099509,-0.13483
-1.3388,-2.0971,-2.0331,-1.1605,-1.1861,-1.2123,-0.40108,-0.52887,-0.082016,-0.09676,-0.13368
-1.3115,-2.081,-2.0319,-1.1444,-1.1873,-1.2097,-0.39509,-0.52529,-0.080193,-0.094027,-0.13252
-1.2808,-2.0632,-2.0308,-1.1274,-1.1882,-1.207,-0.38905,-0.52147,-0.078582,-0.091392,-0.13138
-1.2497,-2.0451,-2.0296,-1.1102,-1.1891,-1.2043,-0.38299,-0.51762,-0.076996,-0.088769,-0.13024
-1.2195,-2.0322,-2.0285,-1.0934,-1.1899,-1.2015,-0.37695,-0.51372,-0.075516,-0.086199,-0.12911
-1.1909,-2.0277,-2.0273,-1.0772,-1.1905,-1.1987,-0.37093,-0.50972,-0.074213,-0.083716,-0.12799
-1.1623,-2.0233,-2.0261,-1.0609,-1.1911,-1.1959,-0.36491,-0.50573,-0.07291,-0.081234,-0.12687
-1.1384,-2.0279,-2.0249,-1.0451,-1.192,-1.1931,-0.35895,-0.50168,-0.071786,-0.078841,-0.12577
-1.1174,-2.0381,-2.0237,-1.0295,-1.1929,-1.1901,-0.35304,-0.49761,-0.07077,-0.076501,-0.12467
-1.0966,-2.048,-2.0225,-1.0138,-1.1939,-1.1872,-0.34714,-0.49352,-0.06978,-0.074174,-0.12357
-1.0775,-2.0561,-2.0213,-0.99747,-1.1947,-1.1842,-0.34136,-0.48932,-0.069002,-0.071957,-0.12249
-1.0577,-2.06,-2.0201,-0.9806,-1.1954,-1.1812,-0.33559,-0.48507,-0.068264,-0.069761,-0.12141
-1.0367,-2.0519,-2.0189,-0.96291,-1.1961,-1.178,-0.32995,-0.4807,-0.067677,-0.067646,-0.12033
-1.0151,-2.0412,-2.0177,-0.94517,-1.1969,-1.1749,-0.3245,-0.47626,-0.067236,-0.065609,-0.11927
-0.99229,-2.0289,-2.0164,-0.92677,-1.1975,-1.1717,-0.31909,-0.47175,-0.066862,-0.063606,-0.11821
-0.9693,-2.0013,-2.0152,-0.90736,-1.1979,-1.1684,-0.31388,-0.4671,-0.066647,-0.061691,-0.11717
-0.94625,-1.9684,-2.0139,-0.88757,-1.1982,-1.1652,-0.30873,-0.4624,-0.06649,-0.059807,-0.11612
-0.92305,-1.9354,-2.0127,-0.86784,-1.1985,-1.1618,-0.30367,-0.45767,-0.066387,-0.057951,-0.11508
-0.89929,-1.9025,-2.0114,-0.84831,-1.1983,-1.1584,-0.29894,-0.45283,-0.066478,-0.056193,-0.11406
-0.87553,-1.8695,-2.0101,-0.82878,-1.1982,-1.155,-0.2942,-0.44799,-0.066569,-0.054436,-0.11304
-0.85236,-1.8435,-2.0089,-0.80962,-1.198,-1.1515,-0.28969,-0.4431,-0.066756,-0.05273,-0.11202
-0.82987,-1.8253,-2.0076,-0.79089,-1.1977,-1.148,-0.28544,-0.43816,-0.067054,-0.051084,-0.11101
-0.80739,-1.8072,-2.0063,-0.77216,-1.1975,-1.1444,-0.2812,-0.43321,-0.067353,-0.049438,-0.11001
-0.78681,-1.7968,-2.005,-0.7536,-1.1968,-1.1408,-0.27731,-0.42819,-0.06779,-0.047873,-0.10901
-0.76627,-1.7858,-2.0037,-0.73499,-1.196,-1.1371,-0.27347,-0.42315,-0.068243,-0.046318,-0.10802
-0.74532,-1.7691,-2.0023,-0.71632,-1.1949,-1.1334,-0.2699,-0.41801,-0.068768,-0.044818,-0.10704
-0.72515,-1.7593,-2.001,-0.69915,-1.1933,-1.1296,-0.2666,-0.41285,-0.06936,-0.043363,-0.10607
-0.7056,-1.7448,-1.9997,-0.68214,-1.1911,-1.1258,-0.26344,-0.40758,-0.069982,-0.041931,-0.1051
-0.68613,-1.7275,-1.9983,-0.66533,-1.1879,-1.1219,-0.26048,-0.40217,-0.070618,-0.040531,-0.10414
-0.66672,-1.708,-1.997,-0.64868,-1.1839,-1.1179,-0.25766,-0.39668,-0.071263,-0.039154,-0.10319
-0.64742,-1.6879,-1.9956,-0.63203,-1.1798,-1.114,-0.25486,-0.39118,-0.071908,-0.037781,-0.10223
-0.62992,-1.6593,-1.9942,-0.61554,-1.1753,-1.1098,-0.25244,-0.38565,-0.072563,-0.036468,-0.1013
-0.61242,-1.6307,-1.9928,-0.59906,-1.1707,-1.1057,-0.25002,-0.38013,-0.073219,-0.035156,-0.10036
-0.59552,-1.6028,-1.9914,-0.5824,-1.1659,-1.1015,-0.2477,-0.37464,-0.073866,-0.033864,-0.099429
-0.57999,-1.5767,-1.99,-0.56535,-1.1605,-1.0972,-0.24559,-0.3692,-0.074497,-0.032618,-0.098509
-0.56446,-1.5506,-1.9886,-0.5483,-1.155,-1.0928,-0.24348,-0.36377,-0.075127,-0.031371,-0.097589
-0.54946,-1.5228,-1.9872,-0.53169,-1.1485,-1.0884,-0.24149,-0.35836,-0.075729,-0.030163,-0.09668
-0.53459,-1.4945,-1.9858,-0.5152,-1.1418,-1.084,-0.23955,-0.35297,-0.076323,-0.028965,-0.095773
-0.51867,-1.4755,-1.9844,-0.49816,-1.1344,-1.0795,-0.23758,-0.34754,-0.07685,-0.0278,-0.094876
-0.50492,-1.46,-1.9829,-0.48223,-1.1273,-1.075,-0.2358,-0.34224,-0.077389,-0.026681,-0.093985
-0.48984,-1.4452,-1.9815,-0.46509,-1.1199,-1.0704,-0.23391,-0.33688,-0.07788,-0.025584,-0.093101
-0.47381,-1.4321,-1.98,-0.4476,-1.1119,-1.0658,-0.23194,-0.33151,-0.078316,-0.024509,-0.092222
-0.45646,-1.4212,-1.9785,-0.4296,-1.1031,-1.0612,-0.22985,-0.32616,-0.078676,-0.023466,-0.091351
-0.43911,-1.4104,-1.977,-0.41161,-1.0943,-1.0566,-0.22777,-0.3208,-0.079037,-0.022423,-0.090479
-0.42264,-1.4007,-1.9755,-0.39543,-1.0848,-1.0519,-0.22542,-0.31561,-0.079265,-0.021454,-0.089622
-0.40627,-1.3911,-1.9741,-0.37944,-1.0753,-1.0472,-0.22304,-0.31044,-0.07948,-0.020492,-0.088767
-0.3901,-1.3822,-1.9726,-0.3637,-1.0658,-1.0425,-0.22061,-0.3053,-0.07967,-0.019542,-0.087914
-0.37512,-1.3766,-1.971,-0.34934,-1.0558,-1.0377,-0.21793,-0.30035,-0.079721,-0.018661,-0.087074
-0.36014,-1.3709,-1.9695,-0.33498,-1.0459,-1.0329,-0.21525,-0.29541,-0.079772,-0.017779,-0.086234
-0.3451,-1.3634,-1.9679,-0.32007,-1.0357,-1.0281,-0.21236,-0.29053,-0.079721,-0.016931,-0.085402
-0.33003,-1.3549,-1.9664,-0.30484,-1.0253,-1.0232,-0.20935,-0.28567,-0.07961,-0.016101,-0.084575
-0.31481,-1.3459,-1.9648,-0.2889,-1.0138,-1.0183,-0.20621,-0.28083,-0.079389,-0.015289,-0.083754
-0.29952,-1.3271,-1.9632,-0.27392,-1.0029,-1.0134,-0.203,-0.27605,-0.079106,-0.014522,-0.08294
-0.28545,-1.3033,-1.9616,-0.25904,-0.99086,-1.0085,-0.19965,-0.27126,-0.078701,-0.013775,-0.082133
-0.27142,-1.2794,-1.96,-0.24446,-0.97864,-1.0035,-0.1962,-0.26646,-0.078236,-0.013039,-0.081329
-0.25752,-1.2553,-1.9583,-0.23071,-0.96599,-0.99845,-0.19246,-0.26159,-0.077595,-0.012332,-0.080534
-0.24363,-1.2312,-1.9566,-0.21697,-0.95334,-0.99339,-0.18872,-0.25673,-0.076954,-0.011626,-0.079739
-0.23048,-1.2104,-1.9549,-0.20446,-0.94072,-0.98827,-0.18472,-0.25189,-0.076163,-0.01095,-0.078955
-0.21759,-1.1907,-1.9531,-0.19236,-0.92811,-0.98314,-0.18062,-0.24707,-0.075319,-0.010285,-0.078175
-0.20469,-1.171,-1.9514,-0.18027,-0.9155,-0.978,-0.17652,-0.24224,-0.074476,-0.0096197,-0.077395
-0.19433,-1.1432,-1.9495,-0.1686,-0.90296,-0.97278,-0.17192,-0.2374,-0.073425,-0.0089685,-0.076629
-0.18399,-1.1153,-1.9477,-0.15694,-0.89042,-0.96756,-0.16731,-0.23255,-0.072372,-0.0083174,-0.075863
-0.17368,-1.0878,-1.9458,-0.14512,-0.87792,-0.96232,-0.16252,-0.22772,-0.071233,-0.0076675,-0.075102
-0.1634,-1.0609,-1.9439,-0.13314,-0.86546,-0.95705,-0.15755,-0.22291,-0.070001,-0.0070189,-0.074348
-0.15259,-1.035,-1.9419,-0.12107,-0.85288,-0.95176,-0.15243,-0.21802,-0.068652,-0.0063652,-0.073598
-0.14175,-1.0165,-1.9399,-0.10958,-0.84045,-0.94645,-0.14732,-0.21329,-0.067273,-0.0057383,-0.072855
-0.13057,-1.0019,-1.9378,-0.098431,-0.82799,-0.94111,-0.14217,-0.2085,-0.065737,-0.0051047,-0.072119
-0.11931,-0.98774,-1.9357,-0.087294,-0.81545,-0.93576,-0.13697,-0.20368,-0.064167,-0.0044674,-0.071384
-0.10756,-0.97553,-1.9334,-0.07614,-0.80234,-0.93033,-0.13146,-0.1987,-0.062402,-0.0038051,-0.07066
-0.095818,-0.96332,-1.9312,-0.064985,-0.78922,-0.92489,-0.12595,-0.19371,-0.060636,-0.0031426,-0.069935
-0.08458,-0.95039,-1.9288,-0.054424,-0.77657,-0.9194,-0.12047,-0.18868,-0.058761,-0.002476,-0.069219
-0.073697,-0.93694,-1.9264,-0.044279,-0.76426,-0.91388,-0.115,-0.18363,-0.05681,-0.0018065,-0.068507
-0.062815,-0.9235,-1.924,-0.034134,-0.75195,-0.90835,-0.10954,-0.17857,-0.054859,-0.0011369,-0.067796
-0.053049,-0.9106,-1.9214,-0.02461,-0.74009,-0.90274,-0.10412,-0.17345,-0.052774,-0.00046648,-0.067096
-0.043504,-0.89781,-1.9187,-0.01521,-0.72831,-0.89711,-0.09872,-0.16832,-0.050663,0.00020411,-0.066398
-0.034267,-0.88407,-1.916,-0.0060229,-0.71665,-0.89146,-0.093393,-0.16318,-0.048509,0.00087736,-0.065704
-0.02569,-0.86831,-1.9132,0.0027087,-0.70524,-0.88576,-0.088232,-0.15801,-0.046263,0.0015563,-0.065017
-0.016824,-0.84913,-1.9102,0.011642,-0.69317,-0.88002,-0.082939,-0.15275,-0.043955,0.0022507,-0.064333
-0.0082614,-0.82758,-1.9072,0.019931,-0.68094,-0.87434,-0.077778,-0.14753,-0.041606,0.0029338,-0.063654
0.00013551,-0.8039,-1.904,0.027873,-0.6685,-0.86874,-0.072404,-0.1422,-0.039203,0.0036193,-0.062983
0.008586,-0.77942,-1.9007,0.035858,-0.65592,-0.86315,-0.066929,-0.13682,-0.036781,0.00431,-0.062313
0.016735,-0.75475,-1.8972,0.043745,-0.64336,-0.85751,-0.061086,-0.13133,-0.034307,0.0050231,-0.061653
0.024867,-0.73007,-1.8937,0.051626,-0.6308,-0.85186,-0.055222,-0.12584,-0.03183,0.0057376,-0.060993
0.032993,-0.70682,-1.89,0.059153,-0.61881,-0.84619,-0.049401,-0.12039,-0.029358,0.0064614,-0.060338
0.04111,-0.68545,-1.886,0.066207,-0.60759,-0.84047,-0.043635,-0.11499,-0.026892,0.0071976,-0.059691
0.049228,-0.66409,-1.8821,0.073262,-0.59637,-0.83475,-0.03787,-0.10958,-0.024426,0.0079338,-0.059043
0.057506,-0.6449,-1.8778,0.079775,-0.58526,-0.82906,-0.032304,-0.10425,-0.021933,0.0086837,-0.058404
0.065863,-0.62676,-1.8734,0.086028,-0.57421,-0.82338,-0.026833,-0.098941,-0.019428,0.0094403,-0.057769
0.074022,-0.60845,-1.869,0.092185,-0.56314,-0.8177,-0.021409,-0.093641,-0.016915,0.010201,-0.057135
0.081142,-0.58928,-1.8642,0.097836,-0.55196,-0.81205,-0.016234,-0.088376,-0.014361,0.01098,-0.056509
0.08828,-0.56973,-1.8593,0.10359,-0.54041,-0.8064,-0.011016,-0.083071,-0.011772,0.011772,-0.055886
0.094666,-0.55109,-1.8541,0.10918,-0.52889,-0.8008,-0.0059008,-0.077793,-0.0091438,0.012578,-0.055268
0.10008,-0.5329,-1.8487,0.11474,-0.5179,-0.79527,-0.00088077,-0.072519,-0.0065232,0.013402,-0.054656
0.10544,-0.51386,-1.8432,0.12054,-0.50669,-0.78973,0.0042108,-0.067172,-0.0038827,0.014244,-0.054046
0.1106,-0.49579,-1.8372,0.12657,-0.49561,-0.78418,0.0094259,-0.061665,-0.0011775,0.015141,-0.053444
0.1157,-0.47798,-1.8312,0.13266,-0.48457,-0.77863,0.014674,-0.056114,0.0015451,0.016052,-0.052843
0.12064,-0.46212,-1.8249,0.13861,-0.47351,-0.77306,0.019851,-0.050594,0.0042795,0.016976,-0.052246
0.12514,-0.45145,-1.8182,0.14417,-0.46238,-0.76747,0.024837,-0.045152,0.0070454,0.017932,-0.051657
0.12963,-0.44078,-1.8115,0.14973,-0.45125,-0.76188,0.029822,-0.03971,0.0098113,0.018887,-0.051068
0.13395,-0.43176,-1.8044,0.15494,-0.44023,-0.75628,0.034747,-0.034355,0.012604,0.01986,-0.050485
0.13809,-0.42429,-1.7969,0.15983,-0.4293,-0.75068,0.039616,-0.02908,0.015422,0.020849,-0.049907
0.14222,-0.41681,-1.7894,0.16472,-0.41837,-0.74507,0.044485,-0.023805,0.01824,0.021838,-0.049329
0.14614,-0.4055,-1.7813,0.16932,-0.40746,-0.7395,0.049377,-0.018656,0.021138,0.022853,-0.04876
0.15005,-0.39423,-1.7731,0.17395,-0.39651,-0.73393,0.054314,-0.01348,0.024058,0.023874,-0.048192
0.15386,-0.38306,-1.7644,0.17854,-0.38559,-0.72837,0.059365,-0.0082932,0.027065,0.024918,-0.04763
0.15752,-0.37164,-1.7555,0.18267,-0.37517,-0.72293,0.0642,-0.0033131,0.030044,0.025954,-0.047072
0.16129,-0.36018,-1.7462,0.18685,-0.36478,-0.71749,0.069078,0.0017613,0.033063,0.027008,-0.046518
0.165,-0.34899,-1.7364,0.19096,-0.35422,-0.71198,0.073929,0.006817,0.036067,0.028084,-0.045969
0.16867,-0.33797,-1.7264,0.19501,-0.34355,-0.70645,0.078764,0.011862,0.039062,0.029174,-0.045423
0.17228,-0.32663,-1.7163,0.19904,-0.33296,-0.70091,0.083555,0.016887,0.042044,0.030265,-0.044878
0.17547,-0.31281,-1.7053,0.20278,-0.32302,-0.69536,0.088014,0.021763,0.044919,0.031358,-0.044343
0.17865,-0.29899,-1.6943,0.20652,-0.31308,-0.68981,0.092472,0.026639,0.047795,0.032451,-0.043808
0.18177,-0.28533,-1.683,0.21011,-0.30338,-0.68426,0.096831,0.031424,0.050638,0.033544,-0.043276
0.18477,-0.27194,-1.6712,0.21342,-0.29411,-0.67874,0.10101,0.036048,0.053424,0.03464,-0.042751
0.18776,-0.25856,-1.6593,0.21673,-0.28483,-0.67321,0.10519,0.040671,0.056211,0.035736,-0.042226
0.19067,-0.24472,-1.6468,0.21975,-0.27556,-0.66771,0.10921,0.045179,0.058928,0.036842,-0.041707
0.19356,-0.23081,-1.6342,0.22271,-0.26628,-0.66221,0.1132,0.049667,0.061632,0.03795,-0.041191
0.19669,-0.21787,-1.6212,0.22575,-0.2566,-0.6567,0.1173,0.054182,0.064352,0.039093,-0.040679
0.19966,-0.20454,-1.6079,0.22838,-0.24754,-0.65132,0.12111,0.05848,0.066952,0.040222,-0.040172
0.20276,-0.19039,-1.5943,0.23113,-0.23803,-0.64595,0.12502,0.062873,0.069581,0.04138,-0.039669
0.20589,-0.17723,-1.5804,0.23386,-0.22849,-0.64057,0.12896,0.067287,0.072219,0.042555,-0.039169
0.20907,-0.1652,-1.5662,0.23658,-0.21892,-0.63516,0.13294,0.071726,0.074866,0.04375,-0.038673
0.21225,-0.15316,-1.552,0.2393,-0.20934,-0.62976,0.13692,0.076165,0.077513,0.044944,-0.038178
0.215,-0.14322,-1.5371,0.24177,-0.20043,-0.62455,0.14077,0.080359,0.080169,0.046136,-0.037691
0.21774,-0.13337,-1.5222,0.24423,-0.19154,-0.61935,0.1446,0.084543,0.082825,0.047328,-0.037205
0.22038,-0.12366,-1.5071,0.24665,-0.18282,-0.61417,0.14839,0.088668,0.08549,0.048516,-0.036721
0.22268,-0.11447,-1.4916,0.24892,-0.17475,-0.60912,0.15199,0.092564,0.088189,0.049688,-0.036244
0.22497,-0.10527,-1.476,0.2512,-0.16668,-0.60408,0.15559,0.096461,0.090887,0.050859,-0.035768
0.22702,-0.096576,-1.4602,0.25337,-0.15902,-0.59905,0.15899,0.10026,0.093581,0.052016,-0.035296
0.22896,-0.088106,-1.4442,0.25549,-0.15154,-0.59404,0.16229,0.10401,0.096272,0.053166,-0.034827
0.23098,-0.079232,-1.428,0.25778,-0.14387,-0.58891,0.16561,0.10787,0.098962,0.054328,-0.034362
0.23252,-0.069958,-1.4117,0.25968,-0.13691,-0.58386,0.16855,0.11132,0.1015,0.055446,-0.033901
0.23398,-0.058842,-1.3952,0.26167,-0.12957,-0.5788,0.17155,0.11491,0.10401,0.056581,-0.033445
0.23537,-0.047883,-1.3787,0.26362,-0.12223,-0.5737,0.17449,0.11853,0.10651,0.057725,-0.03299
0.23658,-0.03727,-1.3618,0.2655,-0.11486,-0.56849,0.17732,0.12219,0.10896,0.058888,-0.032541
0.23779,-0.026657,-1.3449,0.26739,-0.10749,-0.56329,0.18015,0.12586,0.11141,0.060052,-0.032091
0.23895,-0.018585,-1.3277,0.26903,-0.10041,-0.55819,0.18273,0.12938,0.11377,0.061229,-0.031649
0.2401,-0.011156,-1.3105,0.27061,-0.093405,-0.55311,0.18525,0.13286,0.11612,0.062409,-0.031208
0.24127,-0.0038185,-1.2931,0.27218,-0.086416,-0.54804,0.18777,0.13632,0.11846,0.06359,-0.030768
0.24268,0.00154,-1.2755,0.27355,-0.079783,-0.54311,0.19006,0.13962,0.12076,0.064785,-0.030336
0.24409,0.0068988,-1.2579,0.27491,-0.07315,-0.53817,0.19235,0.14293,0.12305,0.065981,-0.029903
0.24558,0.011897,-1.2402,0.2762,-0.066564,-0.5333,0.19458,0.14622,0.12534,0.067188,-0.029475
0.24713,0.016573,-1.2224,0.27743,-0.060021,-0.5285,0.19675,0.1495,0.12761,0.068405,-0.02905
0.24879,0.020853,-1.2047,0.27871,-0.053271,-0.5236,0.19894,0.15287,0.12988,0.06965,-0.028628
0.25026,0.024349,-1.1871,0.27975,-0.046888,-0.51885,0.20094,0.15606,0.13204,0.07088,-0.02821
0.25172,0.027819,-1.1698,0.28084,-0.040465,-0.51408,0.20295,0.15928,0.13416,0.072144,-0.027796
0.25315,0.03136,-1.1525,0.28193,-0.034068,-0.50932,0.20496,0.16249,0.13627,0.073414,-0.027383
0.25442,0.035276,-1.1351,0.28298,-0.027811,-0.50457,0.20693,0.16567,0.13827,0.074719,-0.026976
0.25568,0.039191,-1.1177,0.28403,-0.021554,-0.49982,0.2089,0.16885,0.14028,0.076024,-0.026569
0.25676,0.042715,-1.1003,0.28494,-0.015825,-0.49525,0.21073,0.17185,0.14213,0.077335,-0.026167
0.25775,0.046018,-1.083,0.28577,-0.010392,-0.49077,0.21248,0.17474,0.14391,0.078651,-0.025768
0.25873,0.04932,-1.0657,0.2866,-0.0049591,-0.4863,0.21422,0.17763,0.14568,0.079967,-0.025369
0.25954,0.052086,-1.0484,0.28727,0.00018137,-0.48191,0.21578,0.18032,0.14733,0.081281,-0.024977
0.26034,0.054783,-1.0311,0.28793,0.0052843,-0.47752,0.21731,0.18299,0.14896,0.082595,-0.024586
0.2611,0.057424,-1.0139,0.28854,0.01031,-0.47315,0.21878,0.18562,0.15058,0.083903,-0.024198
0.26181,0.059971,-0.99691,0.28908,0.015206,-0.4688,0.22015,0.18818,0.15216,0.0852,-0.023813
0.26252,0.062576,-0.98005,0.28964,0.020309,-0.46429,0.22154,0.19083,0.15373,0.086502,-0.023431
0.26313,0.064941,-0.96337,0.29008,0.025085,-0.45992,0.22279,0.19328,0.15522,0.087764,-0.023052
0.26369,0.066758,-0.94764,0.29048,0.029983,-0.45547,0.22399,0.19566,0.15662,0.089007,-0.022677
0.26424,0.068497,-0.93207,0.29088,0.034948,-0.45098,0.22519,0.19806,0.15802,0.090251,-0.022303
0.2647,0.069551,-0.91665,0.29123,0.040052,-0.44636,0.22634,0.20046,0.15936,0.091468,-0.021935
0.26515,0.070604,-0.90124,0.29159,0.045157,-0.44173,0.22749,0.20286,0.16069,0.092684,-0.021567
0.26551,0.071441,-0.88624,0.29186,0.050087,-0.43716,0.22857,0.20519,0.16196,0.09388,-0.021203
0.26577,0.072048,-0.87169,0.29205,0.05483,-0.43266,0.22958,0.20747,0.16316,0.095052,-0.020842
0.26603,0.072655,-0.85714,0.29224,0.059573,-0.42815,0.23059,0.20974,0.16435,0.096225,-0.020482
0.2662,0.07389,-0.8431,0.29237,0.064214,-0.42369,0.23149,0.2119,0.16549,0.097362,-0.020126
0.26634,0.07536,-0.82924,0.29247,0.068816,-0.41924,0.23236,0.21402,0.16659,0.098486,-0.019773
0.26646,0.077059,-0.8156,0.29256,0.073394,-0.4148,0.23321,0.21612,0.16769,0.099602,-0.019421
0.26655,0.079607,-0.80274,0.29262,0.077884,-0.41037,0.23397,0.21812,0.16876,0.10068,-0.019074
0.26665,0.082869,-0.78974,0.29272,0.08251,-0.4059,0.23474,0.22015,0.16985,0.10176,-0.018728
0.26672,0.087277,-0.77748,0.29279,0.087031,-0.40144,0.23544,0.22209,0.17092,0.1028,-0.018386
0.26678,0.092482,-0.76605,0.29282,0.091443,-0.39701,0.23607,0.22394,0.17195,0.1038,-0.018047
0.26684,0.098086,-0.75457,0.29288,0.095945,-0.39255,0.23671,0.22582,0.17299,0.1048,-0.01771
0.26688,0.10371,-0.74275,0.29295,0.10045,-0.38803,0.23732,0.22761,0.17401,0.10576,-0.017377
0.26692,0.10933,-0.73087,0.29302,0.10496,-0.38349,0.23792,0.22939,0.17502,0.10673,-0.017045
0.26691,0.1147,-0.71894,0.29306,0.10935,-0.37899,0.23848,0.23108,0.17601,0.10768,-0.016715
0.26682,0.11955,-0.70693,0.29304,0.1135,-0.37459,0.23897,0.23257,0.17694,0.1086,-0.01639
0.26672,0.1244,-0.69492,0.29302,0.11765,-0.37018,0.23946,0.23406,0.17788,0.10952,-0.016065
0.26657,0.12874,-0.68294,0.29294,0.12167,-0.36591,0.2399,0.23541,0.17878,0.11043,-0.015744
0.26638,0.13268,-0.67099,0.29283,0.12558,-0.36174,0.24032,0.23666,0.17966,0.11133,-0.015426
0.26618,0.13661,-0.65906,0.29271,0.12948,-0.35758,0.24073,0.2379,0.18053,0.11224,-0.015108
0.26595,0.14024,-0.64752,0.29252,0.13315,-0.35357,0.24112,0.23898,0.18139,0.11314,-0.014795
0.26573,0.14383,-0.63607,0.29234,0.13687,-0.34954,0.24151,0.24008,0.18226,0.11405,-0.014483
0.26553,0.14727,-0.62531,0.29212,0.14054,-0.3455,0.24189,0.24114,0.18314,0.11496,-0.014175
0.26529,0.15073,-0.61569,0.29183,0.14392,-0.34155,0.24222,0.24209,0.18398,0.11586,-0.013869
0.26507,0.15418,-0.60648,0.29155,0.14735,-0.33751,0.24256,0.24307,0.18485,0.11677,-0.013565
0.26488,0.15763,-0.59724,0.29126,0.15069,-0.33344,0.2429,0.24405,0.18574,0.11767,-0.013265
0.2647,0.16107,-0.58798,0.29096,0.15398,-0.32936,0.24324,0.24503,0.18663,0.11857,-0.012967
0.26452,0.16435,-0.57884,0.29066,0.15722,-0.32528,0.24357,0.24599,0.18752,0.11946,-0.012669
0.26433,0.16683,-0.57029,0.29033,0.16014,-0.32127,0.24383,0.24684,0.18838,0.12032,-0.012377
0.26414,0.1693,-0.56174,0.29,0.16307,-0.31726,0.2441,0.24769,0.18924,0.12117,-0.012085
0.26396,0.17151,-0.55315,0.28966,0.16588,-0.31325,0.24434,0.2485,0.19008,0.12201,-0.011795
0.26378,0.17334,-0.5445,0.28929,0.16853,-0.30923,0.24453,0.24923,0.1909,0.12283,-0.011509
0.2636,0.17517,-0.53584,0.28893,0.17118,-0.30522,0.24473,0.24996,0.19171,0.12366,-0.011223
0.26342,0.17658,-0.52732,0.28854,0.17365,-0.30125,0.24487,0.25062,0.19248,0.12446,-0.010942
0.26325,0.17795,-0.51874,0.28815,0.17611,-0.29729,0.24501,0.25127,0.19325,0.12527,-0.010661
0.2631,0.17937,-0.50934,0.28776,0.17861,-0.29331,0.24514,0.25192,0.19402,0.12608,-0.010384
0.2629,0.18028,-0.50132,0.28733,0.18079,-0.28955,0.24519,0.25243,0.19472,0.12685,-0.010109
0.26271,0.18125,-0.49278,0.28692,0.18303,-0.28574,0.24525,0.25295,0.19542,0.12763,-0.0098363
0.26253,0.1822,-0.48362,0.28652,0.18524,-0.28193,0.2453,0.25345,0.19609,0.12842,-0.0095662
0.26235,0.18314,-0.4739,0.28613,0.18743,-0.2781,0.24533,0.25394,0.19674,0.12922,-0.0092984
0.26216,0.18407,-0.46419,0.28573,0.18962,-0.27427,0.24537,0.25443,0.19739,0.13003,-0.0090307
0.26193,0.18478,-0.4549,0.2853,0.19153,-0.27066,0.24535,0.25483,0.19794,0.13083,-0.0087688
0.2617,0.18549,-0.4456,0.28488,0.19345,-0.26705,0.24534,0.25522,0.19849,0.13163,-0.0085069
0.26147,0.18618,-0.43647,0.28444,0.19529,-0.26348,0.24532,0.2556,0.19901,0.13243,-0.0082465
0.2612,0.1868,-0.42779,0.28397,0.19692,-0.26,0.24527,0.25592,0.19946,0.13322,-0.0079904
0.26093,0.18742,-0.41911,0.28351,0.19856,-0.25652,0.24523,0.25625,0.19991,0.13401,-0.0077344
0.26064,0.18817,-0.4108,0.28301,0.20005,-0.25307,0.24517,0.25652,0.20031,0.13479,-0.0074818
0.26033,0.18896,-0.40261,0.28251,0.20149,-0.24964,0.2451,0.25677,0.20069,0.13556,-0.0072304
0.26002,0.18998,-0.39354,0.28202,0.20303,-0.24611,0.24504,0.25705,0.20106,0.13634,-0.0069817
0.25965,0.19099,-0.38664,0.28147,0.20429,-0.24282,0.24492,0.25721,0.20138,0.13706,-0.0067357
0.25929,0.19217,-0.37881,0.28092,0.20566,-0.23949,0.24481,0.25739,0.2017,0.13778,-0.0064919
0.25893,0.19343,-0.3708,0.28037,0.20703,-0.23613,0.24469,0.25755,0.20202,0.13851,-0.0062497
0.25855,0.19485,-0.36247,0.27981,0.20841,-0.23274,0.24456,0.2577,0.20234,0.13923,-0.0060105
0.25818,0.19627,-0.35414,0.27926,0.2098,-0.22934,0.24443,0.25784,0.20266,0.13995,-0.0057712
0.25778,0.19754,-0.34571,0.27866,0.21103,-0.22595,0.24425,0.2579,0.20294,0.14062,-0.0055366
0.25737,0.19878,-0.33727,0.27807,0.21223,-0.22257,0.24406,0.25794,0.20321,0.14129,-0.0053028
0.25696,0.19998,-0.32888,0.27746,0.21341,-0.21918,0.24387,0.25798,0.20348,0.14196,-0.0050696
0.25652,0.2008,-0.3209,0.27683,0.21438,-0.21576,0.24364,0.25793,0.20371,0.14256,-0.0048412
0.25608,0.20162,-0.31292,0.27619,0.21536,-0.21235,0.2434,0.25789,0.20395,0.14316,-0.0046128
0.25562,0.20232,-0.30507,0.27555,0.21623,-0.20896,0.24314,0.25781,0.20416,0.14372,-0.0043869
0.25515,0.20292,-0.29732,0.2749,0.21703,-0.20558,0.24287,0.25771,0.20437,0.14426,-0.0041629
0.25468,0.20368,-0.28904,0.27426,0.21787,-0.20215,0.2426,0.25762,0.20458,0.14479,-0.0039408
0.25417,0.20434,-0.28137,0.27359,0.21849,-0.19891,0.24229,0.25746,0.20474,0.14525,-0.0037211
0.25368,0.20514,-0.27293,0.27293,0.21915,-0.19568,0.24198,0.25732,0.20491,0.14569,-0.0035041
0.25318,0.20596,-0.26431,0.27227,0.21982,-0.19246,0.24167,0.25718,0.20508,0.14613,-0.003288
0.25268,0.20685,-0.255,0.27162,0.22049,-0.18929,0.24136,0.25705,0.20525,0.14654,-0.0030752
0.25218,0.20774,-0.24569,0.27097,0.22116,-0.18613,0.24104,0.25692,0.20541,0.14695,-0.0028624
0.25167,0.2086,-0.23666,0.27032,0.22177,-0.1831,0.24071,0.25675,0.20555,0.14732,-0.0026531
0.25114,0.20944,-0.22775,0.26966,0.22235,-0.18014,0.24037,0.25658,0.20568,0.14768,-0.0024454
0.25062,0.21029,-0.21884,0.269,0.22294,-0.17719,0.24003,0.2564,0.20581,0.14803,-0.0022377
0.25007,0.21104,-0.21048,0.26833,0.22345,-0.17432,0.23966,0.25617,0.20589,0.14834,-0.0020347
0.24952,0.21179,-0.20215,0.26765,0.22397,-0.17146,0.23929,0.25595,0.20597,0.14864,-0.001832
0.24896,0.21246,-0.19404,0.26698,0.22446,-0.16863,0.2389,0.2557,0.20604,0.14894,-0.001631
0.2484,0.21302,-0.18621,0.2663,0.22493,-0.16586,0.2385,0.25543,0.20608,0.14923,-0.0014323
0.24783,0.21343,-0.17789,0.26564,0.22544,-0.16304,0.23811,0.25518,0.20613,0.14954,-0.0012351
0.24725,0.21384,-0.1706,0.26496,0.22585,-0.16036,0.23768,0.25487,0.20614,0.14983,-0.0010401
0.24666,0.21402,-0.16351,0.26428,0.22625,-0.15768,0.23725,0.25456,0.20613,0.15015,-0.00084769
0.24607,0.21415,-0.15637,0.2636,0.22666,-0.155,0.23681,0.25425,0.20612,0.15047,-0.00065575
0.24549,0.21418,-0.14916,0.26294,0.22708,-0.15223,0.23637,0.25394,0.20611,0.15084,-0.00046754
0.24491,0.21422,-0.14195,0.26227,0.22749,-0.14946,0.23592,0.25363,0.20609,0.15121,-0.00027934
0.24432,0.21389,-0.13494,0.26159,0.22785,-0.14675,0.23547,0.2533,0.20607,0.15159,-9.37E-05
0.24372,0.21325,-0.1281,0.2609,0.22815,-0.1441,0.235,0.25295,0.20605,0.15198,8.98E-05
0.24313,0.21262,-0.12127,0.26021,0.22846,-0.14145,0.23453,0.25259,0.20602,0.15237,0.00027333
0.24253,0.21239,-0.11455,0.25951,0.2287,-0.13883,0.23405,0.25222,0.20598,0.15277,0.00045319
0.24192,0.21229,-0.10786,0.2588,0.22892,-0.13622,0.23356,0.25183,0.20593,0.15318,0.00063204
0.24131,0.21224,-0.10122,0.25809,0.22913,-0.13362,0.23307,0.25144,0.20587,0.15361,0.00080988
0.2407,0.21235,-0.094704,0.25737,0.2293,-0.13102,0.23257,0.25102,0.2058,0.15406,0.00098492
0.24009,0.21257,-0.087914,0.25666,0.22949,-0.12835,0.23207,0.25062,0.20574,0.15453,0.001159
0.23948,0.21278,-0.081574,0.25594,0.22963,-0.12575,0.23157,0.25019,0.20564,0.15502,0.0013309
0.23885,0.213,-0.075303,0.25521,0.22974,-0.12319,0.23106,0.24976,0.20552,0.15552,0.0015005
0.23823,0.21328,-0.068841,0.25448,0.22988,-0.1206,0.23055,0.24932,0.2054,0.15604,0.0016695
0.23761,0.21353,-0.061854,0.25376,0.23002,-0.11796,0.23004,0.24888,0.20525,0.15659,0.0018353
0.23699,0.21378,-0.054803,0.25303,0.23016,-0.11532,0.22954,0.24844,0.2051,0.15714,0.0020006
0.23636,0.21401,-0.047934,0.2523,0.23028,-0.11272,0.22903,0.24799,0.20493,0.15767,0.0021643
0.23572,0.2142,-0.041365,0.25157,0.23036,-0.11017,0.22852,0.24751,0.20474,0.15819,0.0023252
0.23507,0.21438,-0.034796,0.25083,0.23044,-0.10762,0.228,0.24704,0.20454,0.15871,0.0024862
0.23442,0.21453,-0.028562,0.25009,0.23047,-0.10515,0.22749,0.24654,0.20433,0.15919,0.0026444
0.23377,0.21465,-0.022531,0.24935,0.23048,-0.10271,0.22696,0.24604,0.2041,0.15964,0.0028011
0.23311,0.21476,-0.016522,0.24861,0.23048,-0.10029,0.22644,0.24553,0.20387,0.16009,0.0029573
0.23245,0.2148,-0.010694,0.24786,0.23041,-0.098022,0.2259,0.245,0.20363,0.16047,0.0031104
0.23179,0.21485,-0.0046993,0.24712,0.23035,-0.095744,0.22537,0.24448,0.20339,0.16086,0.0032629
0.23113,0.21483,0.0012485,0.24637,0.23025,-0.093583,0.22483,0.24394,0.20314,0.1612,0.0034133
0.23046,0.21471,0.0067829,0.24562,0.2301,-0.091566,0.22427,0.24339,0.20287,0.1615,0.0035616
0.22979,0.21459,0.012527,0.24487,0.22995,-0.08952,0.22372,0.24284,0.20261,0.16181,0.0037091
0.22912,0.21448,0.018388,0.24412,0.2298,-0.087518,0.22316,0.24228,0.20234,0.16208,0.003854
0.22846,0.21438,0.024291,0.24337,0.22965,-0.085532,0.2226,0.24172,0.20206,0.16234,0.0039981
0.2278,0.21431,0.030091,0.24262,0.22949,-0.083587,0.22204,0.24116,0.20178,0.1626,0.0041412
0.22713,0.21432,0.035523,0.24187,0.22928,-0.081783,0.22147,0.24057,0.20149,0.16282,0.0042812
0.22646,0.21433,0.040956,0.24111,0.22907,-0.079979,0.2209,0.23998,0.2012,0.16303,0.0044211
0.22579,0.21437,0.046084,0.24035,0.22884,-0.078251,0.22032,0.23938,0.2009,0.16324,0.0045592
0.22511,0.21442,0.050863,0.23958,0.22858,-0.076612,0.21973,0.23877,0.20059,0.16342,0.0046951
0.22444,0.21447,0.055642,0.23882,0.22833,-0.074972,0.21914,0.23815,0.20028,0.1636,0.004831
0.22376,0.21448,0.060049,0.23805,0.22805,-0.0734,0.21855,0.23752,0.19997,0.16377,0.0049638
0.22308,0.21449,0.064471,0.23728,0.22777,-0.071831,0.21795,0.23689,0.19965,0.16393,0.0050962
0.2224,0.21444,0.06902,0.23652,0.22749,-0.070286,0.21735,0.23626,0.19934,0.16409,0.0052265
0.22172,0.21432,0.073186,0.23574,0.22715,-0.06881,0.21674,0.2356,0.19901,0.16421,0.005355
0.22103,0.21419,0.077499,0.23496,0.22682,-0.067314,0.21613,0.23495,0.19869,0.16435,0.0054823
0.22035,0.21399,0.081823,0.23419,0.22649,-0.065767,0.21552,0.2343,0.19836,0.16449,0.0056078
0.21968,0.21375,0.086156,0.23341,0.22614,-0.064181,0.21491,0.23364,0.19802,0.16462,0.005732
0.219,0.21349,0.090455,0.23264,0.2258,-0.0626,0.2143,0.23297,0.19768,0.16476,0.0058559
0.21832,0.21305,0.094253,0.23186,0.2254,-0.061087,0.21368,0.23229,0.19732,0.16487,0.0059763
0.21764,0.2126,0.09805,0.23107,0.22501,-0.059575,0.21307,0.23161,0.19696,0.16499,0.0060966
0.21696,0.21209,0.10167,0.23029,0.22461,-0.058068,0.21244,0.23093,0.19659,0.1651,0.0062158
0.21628,0.21143,0.10489,0.2295,0.22417,-0.056573,0.21182,0.23023,0.1962,0.1652,0.0063324
0.2156,0.21077,0.10811,0.22871,0.22374,-0.055078,0.21119,0.22954,0.19581,0.16531,0.006449
0.21492,0.21006,0.11101,0.22792,0.22328,-0.053593,0.21056,0.22884,0.1954,0.1654,0.0065631
0.21424,0.20932,0.11382,0.22712,0.22281,-0.05211,0.20992,0.22813,0.19499,0.16549,0.0066766
0.21356,0.2086,0.11682,0.22633,0.22235,-0.050547,0.20929,0.22743,0.19458,0.16559,0.0067882
0.21288,0.20786,0.11932,0.22554,0.22184,-0.049125,0.20865,0.22672,0.19415,0.16565,0.0068981
0.21221,0.20715,0.12209,0.22474,0.22134,-0.047675,0.20801,0.22601,0.19372,0.1657,0.0070067
0.21155,0.20647,0.12485,0.22394,0.22084,-0.046209,0.20737,0.2253,0.19329,0.16575,0.0071141
0.21089,0.20583,0.12758,0.22315,0.22034,-0.044722,0.20672,0.22459,0.19286,0.1658,0.0072196
0.21023,0.20519,0.13031,0.22236,0.21985,-0.043235,0.20608,0.22388,0.19243,0.16585,0.0073252
0.20957,0.20459,0.1327,0.22156,0.21932,-0.041856,0.20543,0.22316,0.19198,0.16585,0.0074276
0.20892,0.20399,0.13505,0.22077,0.21879,-0.040489,0.20479,0.22245,0.19153,0.16586,0.0075296
0.20826,0.20339,0.13736,0.21997,0.21825,-0.03913,0.20414,0.22173,0.19109,0.16586,0.0076311
0.2076,0.20281,0.13937,0.21917,0.2177,-0.037817,0.20348,0.22101,0.19062,0.16582,0.0077297
0.20694,0.20223,0.14139,0.21838,0.21714,-0.036503,0.20283,0.22028,0.19016,0.16579,0.0078282
0.20628,0.20164,0.14323,0.21758,0.21657,-0.035203,0.20217,0.21956,0.18969,0.16574,0.0079248
0.20562,0.20105,0.14498,0.21678,0.21599,-0.03391,0.20151,0.21883,0.18921,0.16568,0.0080205
0.20495,0.20047,0.14681,0.21599,0.21543,-0.032504,0.20086,0.21811,0.18874,0.16563,0.0081147
0.20428,0.19987,0.1483,0.21519,0.21482,-0.031246,0.20019,0.21738,0.18825,0.16554,0.0082073
0.20361,0.19929,0.14988,0.2144,0.21422,-0.029934,0.19953,0.21665,0.18775,0.16547,0.0082984
0.20293,0.19872,0.15145,0.21361,0.21362,-0.028616,0.19887,0.21591,0.18726,0.1654,0.0083887
0.20226,0.19815,0.15302,0.21282,0.21302,-0.027283,0.19821,0.21518,0.18676,0.16533,0.0084769
0.20158,0.19758,0.15458,0.21203,0.21243,-0.02595,0.19755,0.21445,0.18627,0.16526,0.0085651
0.2009,0.19701,0.1559,0.21124,0.21181,-0.024701,0.19689,0.21371,0.18576,0.16518,0.0086508
0.20022,0.19644,0.15713,0.21045,0.2112,-0.023479,0.19623,0.21297,0.18525,0.1651,0.0087357
0.19954,0.19587,0.15836,0.20966,0.21058,-0.022257,0.19556,0.21223,0.18474,0.16502,0.0088206
0.19885,0.19526,0.15929,0.20887,0.20995,-0.021161,0.1949,0.21148,0.18421,0.16493,0.0089022
0.19816,0.19466,0.16022,0.20808,0.20932,-0.020066,0.19423,0.21073,0.18368,0.16485,0.0089838
0.19748,0.19404,0.16108,0.2073,0.20868,-0.019036,0.19356,0.20998,0.18315,0.16476,0.0090641
0.19679,0.19342,0.16186,0.20651,0.20804,-0.018078,0.19288,0.20922,0.1826,0.16467,0.009143
0.1961,0.19282,0.16274,0.20572,0.20741,-0.017076,0.19221,0.20847,0.18206,0.16459,0.0092209
0.19541,0.19221,0.16345,0.20493,0.20676,-0.016229,0.19153,0.20771,0.18151,0.1645,0.0092973
0.19472,0.19161,0.16426,0.20414,0.20611,-0.015302,0.19086,0.20695,0.18095,0.1644,0.009372
0.19403,0.19102,0.16507,0.20336,0.20546,-0.014368,0.19018,0.20619,0.18039,0.1643,0.0094463
0.19334,0.19044,0.1659,0.20257,0.20481,-0.01343,0.1895,0.20543,0.17983,0.16419,0.0095182
0.19265,0.18986,0.16672,0.20179,0.20415,-0.012493,0.18882,0.20467,0.17927,0.16408,0.0095902
0.19196,0.18928,0.16744,0.20101,0.2035,-0.011595,0.18814,0.2039,0.1787,0.16396,0.0096603
0.19127,0.1887,0.16811,0.20023,0.20283,-0.010727,0.18746,0.20314,0.17813,0.16382,0.0097291
0.19057,0.18812,0.16877,0.19944,0.20216,-0.0098584,0.18677,0.20237,0.17756,0.16368,0.009798
0.18987,0.18754,0.16932,0.19866,0.20149,-0.0090484,0.18609,0.2016,0.17699,0.16351,0.0098642
0.18917,0.18696,0.16985,0.19788,0.2008,-0.0082502,0.1854,0.20083,0.17641,0.16333,0.00993
0.18847,0.18637,0.17035,0.1971,0.20012,-0.0074682,0.18471,0.20005,0.17583,0.16315,0.0099949
0.18777,0.18577,0.17078,0.19631,0.19943,-0.0067213,0.18402,0.19928,0.17525,0.16294,0.010058
0.18707,0.18516,0.17125,0.19553,0.19875,-0.0059547,0.18333,0.1985,0.17468,0.16273,0.010121
0.18636,0.18452,0.17163,0.19474,0.19805,-0.0052218,0.18264,0.19772,0.1741,0.16249,0.010182
0.18565,0.18386,0.17199,0.19395,0.19735,-0.0044431,0.18195,0.19694,0.17352,0.16224,0.010241
0.18495,0.18318,0.17237,0.19317,0.19666,-0.0036434,0.18125,0.19616,0.17294,0.16198,0.0103
0.18424,0.1825,0.17272,0.19238,0.19596,-0.0028128,0.18056,0.19538,0.17237,0.16171,0.010357
0.18353,0.18182,0.17308,0.1916,0.19526,-0.0019804,0.17987,0.1946,0.1718,0.16144,0.010414
0.18282,0.18116,0.17338,0.19082,0.19456,-0.0011825,0.17918,0.19382,0.17122,0.16116,0.010469
0.1821,0.18051,0.1736,0.19003,0.19386,-0.00043033,0.17849,0.19304,0.17065,0.16087,0.010523
0.18139,0.17987,0.17382,0.18925,0.19315,0.00032182,0.17779,0.19226,0.17007,0.16058,0.010577
0.18067,0.17924,0.17394,0.18846,0.19244,0.0010704,0.1771,0.19147,0.16949,0.16027,0.010629
0.17996,0.17863,0.17402,0.18768,0.19173,0.0018174,0.1764,0.19069,0.1689,0.15995,0.010679
0.17924,0.17801,0.17408,0.18689,0.19101,0.0025635,0.17571,0.18991,0.16831,0.15963,0.01073
0.17853,0.17739,0.17404,0.18611,0.19029,0.0033052,0.17501,0.18913,0.16772,0.1593,0.010778
0.17781,0.17675,0.17402,0.18532,0.18957,0.0040673,0.17431,0.18835,0.16713,0.15897,0.010826
0.1771,0.17611,0.17394,0.18454,0.18885,0.0047929,0.17362,0.18757,0.16653,0.15863,0.010873
0.17639,0.17546,0.17381,0.18376,0.18812,0.0054419,0.17292,0.18679,0.16593,0.15827,0.010918
0.17567,0.1748,0.17371,0.18297,0.18739,0.0060984,0.17222,0.186,0.16533,0.15791,0.010963
0.17496,0.17413,0.17361,0.18219,0.18666,0.0067657,0.17153,0.18522,0.16473,0.15756,0.011006
0.17425,0.17347,0.17353,0.18141,0.18593,0.0074359,0.17083,0.18445,0.16414,0.1572,0.011048
0.17354,0.17281,0.17342,0.18062,0.1852,0.00809,0.17013,0.18367,0.16354,0.15683,0.01109
0.17282,0.17213,0.17327,0.17984,0.18446,0.0087007,0.16943,0.18289,0.16294,0.15645,0.011129
0.17211,0.17145,0.17312,0.17905,0.18372,0.0093115,0.16874,0.18211,0.16234,0.15608,0.011169
0.17139,0.17078,0.17293,0.17827,0.18297,0.0098867,0.16804,0.18133,0.16173,0.15569,0.011207
0.17067,0.17012,0.17272,0.17749,0.18223,0.010429,0.16734,0.18055,0.16112,0.1553,0.011244
0.16995,0.16945,0.17251,0.1767,0.18148,0.010971,0.16664,0.17977,0.16052,0.15491,0.011281
0.16924,0.16884,0.17225,0.17592,0.18073,0.01156,0.16594,0.17899,0.15991,0.15451,0.011315
0.16852,0.16823,0.172,0.17514,0.17997,0.012164,0.16524,0.17821,0.1593,0.1541,0.01135
0.1678,0.16765,0.17174,0.17436,0.17922,0.012829,0.16454,0.17744,0.15869,0.1537,0.011383
0.16708,0.16709,0.17142,0.17357,0.17846,0.013488,0.16383,0.17666,0.15807,0.15328,0.011415
0.16637,0.16654,0.1711,0.17279,0.17771,0.014193,0.16313,0.17588,0.15745,0.15286,0.011446
0.16565,0.16599,0.17077,0.17201,0.17695,0.014949,0.16243,0.1751,0.15684,0.15243,0.011475
0.16493,0.16545,0.17044,0.17123,0.1762,0.015734,0.16173,0.17433,0.15622,0.15201,0.011504
0.16422,0.16491,0.1701,0.17045,0.17545,0.01651,0.16103,0.17356,0.1556,0.15158,0.011533
0.1635,0.16436,0.1697,0.16967,0.17469,0.017214,0.16033,0.17278,0.15498,0.15113,0.011559
0.16278,0.1638,0.1693,0.16889,0.17393,0.017919,0.15963,0.17201,0.15436,0.15069,0.011586
0.16206,0.16324,0.16889,0.16811,0.17318,0.018587,0.15893,0.17123,0.15374,0.15024,0.011611
0.16134,0.16267,0.16845,0.16733,0.17242,0.019189,0.15823,0.17046,0.15312,0.14977,0.011635
0.16062,0.16209,0.16802,0.16655,0.17166,0.019792,0.15753,0.16969,0.15249,0.14931,0.011658
0.1599,0.1615,0.16756,0.16578,0.1709,0.020331,0.15683,0.16891,0.15186,0.14884,0.01168
0.15918,0.16091,0.1671,0.165,0.17015,0.020857,0.15613,0.16814,0.15124,0.14837,0.011702
0.15846,0.1603,0.16666,0.16422,0.16939,0.021382,0.15543,0.16736,0.15061,0.1479,0.011722
0.15773,0.15968,0.16616,0.16344,0.16863,0.021819,0.15472,0.16659,0.14998,0.14742,0.011741
0.15701,0.15905,0.16568,0.16267,0.16788,0.022268,0.15402,0.16581,0.14935,0.14693,0.011759
0.15629,0.15843,0.1652,0.16189,0.16712,0.022704,0.15332,0.16504,0.14872,0.14645,0.011777
0.15557,0.1578,0.16472,0.16112,0.16637,0.023123,0.15262,0.16427,0.14808,0.14596,0.011793
0.15485,0.15717,0.16424,0.16034,0.16562,0.023543,0.15192,0.16349,0.14744,0.14547,0.011809
0.15413,0.15656,0.16374,0.15957,0.16486,0.023881,0.15122,0.16272,0.1468,0.14498,0.011823
0.15341,0.15596,0.16324,0.15879,0.1641,0.024215,0.15051,0.16195,0.14616,0.14448,0.011837
0.15269,0.15535,0.16273,0.15802,0.16335,0.024536,0.14981,0.16117,0.14552,0.14398,0.01185
0.15197,0.15477,0.16222,0.15724,0.16259,0.024804,0.14911,0.1604,0.14487,0.14347,0.011861
0.15125,0.15419,0.1617,0.15647,0.16183,0.025071,0.1484,0.15962,0.14422,0.14296,0.011873
0.15053,0.15361,0.16118,0.1557,0.16107,0.02532,0.1477,0.15885,0.14357,0.14245,0.011883
0.14982,0.15302,0.16065,0.15493,0.16031,0.02556,0.14699,0.15808,0.14292,0.14193,0.011892
0.1491,0.15243,0.16013,0.15416,0.15956,0.025847,0.14628,0.1573,0.14227,0.14142,0.0119
0.14838,0.15183,0.15957,0.15339,0.15879,0.026083,0.14558,0.15653,0.14161,0.14089,0.011908
0.14766,0.15122,0.15902,0.15262,0.15803,0.026358,0.14487,0.15575,0.14095,0.14036,0.011914
0.14694,0.15061,0.15848,0.15185,0.15727,0.026645,0.14416,0.15498,0.1403,0.13984,0.011919
0.14622,0.14998,0.15793,0.15108,0.15651,0.026956,0.14346,0.15421,0.13964,0.1393,0.011924
0.1455,0.14936,0.15739,0.15031,0.15575,0.027267,0.14275,0.15343,0.13898,0.13877,0.011928
0.14478,0.14872,0.15682,0.14954,0.15499,0.027525,0.14204,0.15266,0.13833,0.13823,0.01193
0.14406,0.14807,0.15624,0.14878,0.15423,0.027769,0.14134,0.15189,0.13767,0.13769,0.011932
0.14334,0.14741,0.15566,0.14801,0.15347,0.028011,0.14063,0.15111,0.137,0.13715,0.011934
0.14262,0.14672,0.15507,0.14724,0.1527,0.028191,0.13992,0.15034,0.13634,0.1366,0.011934
0.1419,0.14603,0.15447,0.14647,0.15193,0.02837,0.13922,0.14956,0.13568,0.13605,0.011933
0.14118,0.14534,0.15387,0.14571,0.15116,0.028526,0.13851,0.14879,0.13501,0.13551,0.011932
0.14046,0.14463,0.15327,0.14494,0.1504,0.02866,0.1378,0.14802,0.13434,0.13495,0.01193
0.13974,0.14392,0.15267,0.14418,0.14963,0.028828,0.13709,0.14724,0.13367,0.1344,0.011927
0.13902,0.14321,0.15204,0.14341,0.14886,0.0289,0.13638,0.14647,0.133,0.13384,0.011923
0.1383,0.1425,0.15142,0.14265,0.14809,0.029012,0.13568,0.1457,0.13233,0.13328,0.011918
0.13758,0.14179,0.1508,0.14189,0.14733,0.029125,0.13497,0.14493,0.13166,0.13272,0.011912
0.13687,0.14107,0.15017,0.14113,0.14656,0.029244,0.13426,0.14415,0.131,0.13215,0.011905
0.13615,0.14035,0.14954,0.14036,0.1458,0.029363,0.13356,0.14338,0.13033,0.13159,0.011898
0.13543,0.13961,0.1489,0.1396,0.14503,0.029457,0.13285,0.14261,0.12966,0.13102,0.01189
0.13472,0.13886,0.14826,0.13884,0.14427,0.029536,0.13214,0.14184,0.129,0.13045,0.01188
0.134,0.1381,0.14761,0.13808,0.1435,0.029616,0.13144,0.14107,0.12833,0.12988,0.011871
0.13329,0.13735,0.14695,0.13732,0.14273,0.029652,0.13073,0.14029,0.12766,0.1293,0.01186
0.13257,0.13659,0.14629,0.13656,0.14197,0.029682,0.13002,0.13952,0.127,0.12873,0.011849
0.13186,0.13583,0.14563,0.13581,0.1412,0.029706,0.12932,0.13875,0.12633,0.12815,0.011837
0.13114,0.13509,0.14496,0.13505,0.14043,0.029722,0.12861,0.13797,0.12566,0.12757,0.011823
0.13043,0.13435,0.1443,0.13429,0.13966,0.029741,0.1279,0.1372,0.125,0.12699,0.01181
0.12971,0.13361,0.14362,0.13353,0.13889,0.029754,0.1272,0.13643,0.12434,0.1264,0.011795
0.129,0.13287,0.14294,0.13278,0.13812,0.02979,0.12649,0.13566,0.12367,0.1258,0.011779
0.12829,0.13214,0.14226,0.13202,0.13736,0.02983,0.12578,0.13489,0.12301,0.12521,0.011763
0.12757,0.13141,0.14158,0.13127,0.13659,0.02993,0.12508,0.13412,0.12235,0.12461,0.011746
0.12686,0.13068,0.14091,0.13051,0.13582,0.030029,0.12437,0.13335,0.12169,0.12401,0.011728
0.12615,0.12995,0.14022,0.12976,0.13506,0.030119,0.12366,0.13258,0.12103,0.12341,0.011709
0.12544,0.12922,0.13953,0.12901,0.13429,0.030199,0.12296,0.13181,0.12037,0.12281,0.011689
0.12472,0.12849,0.13884,0.12825,0.13352,0.030278,0.12225,0.13104,0.11971,0.1222,0.01167
0.12401,0.12776,0.13814,0.1275,0.13276,0.030325,0.12154,0.13027,0.11905,0.1216,0.011648
0.12329,0.12702,0.13743,0.12675,0.13199,0.030361,0.12083,0.1295,0.11838,0.12099,0.011627
0.12258,0.12628,0.13672,0.126,0.13122,0.030385,0.12013,0.12873,0.11772,0.12038,0.011604
0.12187,0.12553,0.136,0.12525,0.13046,0.030367,0.11942,0.12796,0.11706,0.11976,0.011581
0.12115,0.12477,0.13528,0.1245,0.12969,0.030353,0.11871,0.1272,0.1164,0.11914,0.011557
0.12044,0.124,0.13454,0.12375,0.12893,0.0303,0.118,0.12643,0.11573,0.11852,0.011532
0.11973,0.12323,0.1338,0.123,0.12816,0.030211,0.1173,0.12567,0.11507,0.11789,0.011507
0.11901,0.12245,0.13306,0.12225,0.1274,0.030126,0.11659,0.1249,0.1144,0.11726,0.01148
0.1183,0.12167,0.13232,0.1215,0.12663,0.030043,0.11588,0.12414,0.11374,0.11662,0.011453
0.11759,0.12089,0.13158,0.12076,0.12587,0.029961,0.11518,0.12337,0.11307,0.11599,0.011425
0.11687,0.12011,0.13083,0.12001,0.1251,0.029878,0.11447,0.12261,0.11241,0.11535,0.011397
0.11616,0.11934,0.13008,0.11927,0.12434,0.029795,0.11376,0.12185,0.11174,0.11471,0.011367
0.11545,0.11857,0.12933,0.11852,0.12358,0.029711,0.11306,0.12109,0.11107,0.11407,0.011337
0.11474,0.11778,0.12858,0.11778,0.12281,0.029631,0.11235,0.12033,0.1104,0.11342,0.011306
0.11402,0.11699,0.12783,0.11703,0.12204,0.029553,0.11164,0.11957,0.10973,0.11278,0.011275
0.11331,0.1162,0.12708,0.11629,0.12128,0.029475,0.11094,0.11881,0.10906,0.11213,0.011243
0.1126,0.11538,0.12632,0.11554,0.12051,0.029399,0.11023,0.11805,0.10839,0.11148,0.01121
0.11189,0.11457,0.12557,0.1148,0.11975,0.029327,0.10953,0.11729,0.10772,0.11083,0.011176
0.11117,0.11379,0.12481,0.11406,0.11898,0.029251,0.10882,0.11653,0.10704,0.11017,0.011142
0.11046,0.11302,0.12405,0.11332,0.11822,0.029146,0.10811,0.11578,0.10637,0.10951,0.011107
0.10975,0.11227,0.12329,0.11258,0.11745,0.029049,0.10741,0.11502,0.1057,0.10885,0.011071
0.10904,0.11153,0.12253,0.11184,0.11669,0.028942,0.1067,0.11427,0.10502,0.10818,0.011034
0.10833,0.11079,0.12177,0.1111,0.11593,0.02883,0.106,0.11352,0.10435,0.10752,0.010997
0.10762,0.11006,0.121,0.11036,0.11516,0.028711,0.10529,0.11276,0.10368,0.10686,0.010959
0.1069,0.10932,0.12024,0.10962,0.1144,0.028562,0.10459,0.11201,0.103,0.10619,0.01092
0.10619,0.10858,0.11948,0.10889,0.11364,0.028413,0.10389,0.11126,0.10233,0.10553,0.010881
0.10548,0.10784,0.11871,0.10815,0.11288,0.028243,0.10318,0.11051,0.10165,0.10486,0.010841
0.10477,0.10709,0.11794,0.10741,0.11212,0.028045,0.10248,0.10976,0.10098,0.10419,0.0108
0.10406,0.10634,0.11717,0.10668,0.11136,0.027847,0.10178,0.10901,0.1003,0.10351,0.010759
0.10335,0.10558,0.1164,0.10594,0.11059,0.02761,0.10107,0.10826,0.099622,0.10284,0.010716
0.10264,0.10482,0.11563,0.10521,0.10983,0.027369,0.10037,0.10751,0.098944,0.10217,0.010674
0.10193,0.10407,0.11487,0.10448,0.10907,0.027141,0.099671,0.10677,0.098265,0.1015,0.01063
0.10122,0.10332,0.11409,0.10374,0.10831,0.026928,0.09897,0.10602,0.097585,0.10082,0.010586
0.10051,0.10259,0.11332,0.10301,0.10755,0.026741,0.09827,0.10527,0.096905,0.10015,0.010541
0.099803,0.10186,0.11255,0.10228,0.1068,0.026566,0.097571,0.10453,0.096225,0.099474,0.010495
0.099093,0.10113,0.11178,0.10155,0.10604,0.026404,0.096873,0.10378,0.095544,0.098801,0.010449
0.098383,0.10041,0.11101,0.10082,0.10528,0.026242,0.096174,0.10304,0.094864,0.098128,0.010403
0.097672,0.099694,0.11023,0.10009,0.10452,0.026097,0.095477,0.10229,0.094182,0.097454,0.010355
0.096962,0.098978,0.10946,0.099357,0.10377,0.025952,0.09478,0.10155,0.093501,0.09678,0.010306
0.096252,0.098262,0.10868,0.098628,0.10301,0.025813,0.094084,0.10081,0.092819,0.096105,0.010258
0.095543,0.097544,0.1079,0.097901,0.10226,0.025695,0.093388,0.10006,0.092137,0.095429,0.010208
0.094833,0.096827,0.10711,0.097173,0.1015,0.025576,0.092693,0.099321,0.091454,0.094754,0.010158
0.094125,0.096105,0.10633,0.096448,0.10075,0.025446,0.091998,0.09858,0.090772,0.094078,0.010107
0.093417,0.095381,0.10555,0.095724,0.099994,0.025313,0.091304,0.097839,0.09009,0.093402,0.010056
0.09271,0.094652,0.10476,0.095001,0.099241,0.025213,0.090611,0.097099,0.089409,0.092727,0.010004
0.092004,0.093915,0.10397,0.094278,0.098487,0.025074,0.089917,0.096359,0.088727,0.092048,0.0099511
0.091298,0.093171,0.10319,0.093557,0.097734,0.024957,0.089225,0.09562,0.088045,0.09137,0.0098976
0.090594,0.092424,0.1024,0.092836,0.096982,0.024831,0.088533,0.094882,0.087363,0.090691,0.0098436
0.08989,0.09167,0.10161,0.092115,0.096229,0.024689,0.087842,0.094145,0.08668,0.090013,0.0097886
0.089187,0.090915,0.10082,0.091394,0.095477,0.024547,0.087151,0.093409,0.085998,0.089334,0.0097336
0.088484,0.090153,0.10003,0.090675,0.094724,0.024365,0.086461,0.092673,0.085314,0.088653,0.0096773
0.087781,0.08939,0.099244,0.089955,0.093972,0.024177,0.085771,0.091938,0.08463,0.087972,0.0096207
0.087078,0.088625,0.098454,0.089235,0.093219,0.023984,0.085081,0.091203,0.083946,0.08729,0.009564
0.086374,0.087854,0.097662,0.088517,0.092466,0.023757,0.084391,0.090468,0.083261,0.086607,0.0095057
0.08567,0.087082,0.09687,0.087799,0.091714,0.023529,0.083702,0.089734,0.082575,0.085923,0.0094474
0.084966,0.086311,0.096078,0.087082,0.090961,0.023291,0.083012,0.089001,0.08189,0.085238,0.0093884
0.084262,0.085541,0.095286,0.086366,0.090209,0.023043,0.082323,0.088268,0.081204,0.084553,0.0093289
0.083557,0.084774,0.094496,0.085651,0.089458,0.022804,0.081635,0.087536,0.080519,0.083868,0.0092685
0.082851,0.084016,0.093702,0.084937,0.088706,0.022524,0.080946,0.086805,0.079833,0.083178,0.0092078
0.082145,0.083271,0.09291,0.084224,0.087955,0.022243,0.080259,0.086074,0.079148,0.082488,0.0091459
0.081438,0.08253,0.092118,0.083511,0.087204,0.021955,0.079571,0.085343,0.078462,0.081798,0.0090838
0.080732,0.081809,0.091328,0.082799,0.086454,0.021645,0.078885,0.084614,0.077778,0.081107,0.0090208
0.080026,0.081088,0.090538,0.082087,0.085705,0.021335,0.078199,0.083885,0.077093,0.080416,0.0089578
0.07932,0.080385,0.089747,0.081376,0.084956,0.021013,0.077514,0.083157,0.076409,0.079723,0.0088936
0.078614,0.07969,0.088956,0.080665,0.084208,0.020686,0.076829,0.082429,0.075726,0.07903,0.0088289
0.077909,0.078994,0.088165,0.079954,0.08346,0.020359,0.076145,0.081701,0.075043,0.078336,0.0087642
0.077205,0.07831,0.087373,0.079244,0.082714,0.020022,0.075461,0.080974,0.074361,0.077641,0.0086981
0.076502,0.077627,0.086582,0.078534,0.081967,0.019685,0.074778,0.080248,0.073679,0.076946,0.0086319
0.075799,0.076944,0.08579,0.077825,0.08122,0.019345,0.074095,0.079521,0.072998,0.07625,0.0085652
0.075097,0.076262,0.084998,0.077117,0.080474,0.019002,0.073413,0.078796,0.072318,0.075555,0.0084976
0.074396,0.075577,0.084208,0.076409,0.079729,0.018654,0.072731,0.078071,0.071639,0.074859,0.0084298
0.073695,0.07489,0.083415,0.075701,0.078983,0.018281,0.07205,0.077346,0.070959,0.074162,0.0083609
0.072995,0.0742,0.082622,0.074995,0.078238,0.017917,0.07137,0.076622,0.07028,0.073465,0.0082915
0.072295,0.073511,0.081829,0.074288,0.077493,0.017557,0.070689,0.075898,0.069601,0.072768,0.008222
0.071598,0.072823,0.081039,0.073583,0.076749,0.017228,0.07001,0.075176,0.068924,0.072071,0.0081511
0.0709,0.072136,0.080248,0.072878,0.076006,0.016898,0.069331,0.074453,0.068246,0.071373,0.0080802
0.070203,0.071448,0.079457,0.072174,0.075262,0.016575,0.068652,0.073731,0.06757,0.070676,0.0080086
0.069506,0.07076,0.078666,0.07147,0.074519,0.016258,0.067974,0.07301,0.066893,0.069977,0.0079363
0.06881,0.070072,0.077875,0.070767,0.073776,0.015942,0.067295,0.072288,0.066217,0.069279,0.0078641
0.068114,0.06938,0.077083,0.070063,0.073033,0.015619,0.066617,0.071568,0.065541,0.06858,0.0077906
0.067418,0.068687,0.07629,0.06936,0.072291,0.015296,0.065939,0.070848,0.064866,0.067881,0.0077167
0.066722,0.067992,0.075498,0.068657,0.071549,0.014974,0.065261,0.070128,0.06419,0.067181,0.0076425
0.066027,0.067295,0.074707,0.067955,0.070807,0.01466,0.064583,0.069409,0.063515,0.066482,0.0075676
0.065332,0.066598,0.073917,0.067254,0.070066,0.014358,0.063906,0.06869,0.06284,0.065784,0.0074921
0.064636,0.065899,0.073126,0.066553,0.069325,0.014062,0.063229,0.067973,0.062165,0.065084,0.0074162
0.063941,0.065201,0.072336,0.065853,0.068585,0.013782,0.062552,0.067255,0.06149,0.064385,0.0073394
0.063246,0.064505,0.071545,0.065154,0.067845,0.013509,0.061876,0.066539,0.060815,0.063686,0.0072622
0.062552,0.063815,0.070757,0.064455,0.067107,0.01327,0.0612,0.065823,0.06014,0.062987,0.0071843
0.061858,0.063126,0.069969,0.063758,0.066369,0.013035,0.060525,0.065107,0.059466,0.062288,0.0071063
0.061164,0.062433,0.069182,0.06306,0.065632,0.012796,0.05985,0.064392,0.058791,0.061589,0.0070276
0.060472,0.061736,0.068395,0.062364,0.064896,0.012551,0.059176,0.063678,0.058116,0.06089,0.0069479
0.05978,0.061038,0.067609,0.061668,0.064161,0.012307,0.058502,0.062964,0.057442,0.060191,0.0068681
0.059089,0.060323,0.066822,0.060972,0.063427,0.01205,0.057828,0.062251,0.056768,0.05949,0.0067877
0.058399,0.059596,0.066037,0.060277,0.062693,0.011785,0.057154,0.061538,0.056094,0.05879,0.0067068
0.057709,0.05887,0.065251,0.059583,0.06196,0.011519,0.056481,0.060825,0.055421,0.058089,0.0066258
0.057021,0.058145,0.064465,0.058889,0.061228,0.011234,0.055808,0.060114,0.054749,0.057387,0.0065433
0.056334,0.057424,0.06368,0.058196,0.060496,0.010951,0.055135,0.059403,0.054077,0.056686,0.0064611
0.055647,0.056714,0.062894,0.057504,0.059765,0.010661,0.054463,0.058692,0.053406,0.055984,0.0063782
0.054961,0.056006,0.062107,0.056813,0.059034,0.010363,0.05379,0.057982,0.052736,0.055281,0.0062941
0.054276,0.0553,0.06132,0.056121,0.058303,0.010068,0.053119,0.057273,0.052066,0.054579,0.0062104
0.05359,0.054583,0.060534,0.055431,0.057573,0.0097896,0.052447,0.056564,0.051397,0.053877,0.0061254
0.052906,0.053862,0.059748,0.054742,0.056843,0.0095166,0.051776,0.055856,0.050728,0.053174,0.00604
0.052221,0.05314,0.058963,0.054052,0.056114,0.0092449,0.051106,0.055148,0.05006,0.052472,0.0059544
0.051537,0.052409,0.058177,0.053364,0.055386,0.0089777,0.050435,0.054441,0.049392,0.051769,0.0058681
0.050854,0.051678,0.057391,0.052676,0.054658,0.0087105,0.049765,0.053735,0.048725,0.051065,0.0057817
0.05017,0.050946,0.056606,0.051988,0.053931,0.0084408,0.049095,0.053029,0.048057,0.050362,0.0056946
0.049488,0.05021,0.055821,0.051302,0.053204,0.0081681,0.048426,0.052323,0.047389,0.049658,0.0056064
0.048805,0.049475,0.055035,0.050615,0.052478,0.0078956,0.047756,0.051618,0.046721,0.048954,0.0055183
0.048123,0.048746,0.054251,0.049929,0.051753,0.0076003,0.047087,0.050914,0.046054,0.04825,0.0054297
0.047441,0.048018,0.053466,0.049244,0.051029,0.0073029,0.046419,0.050209,0.045386,0.047546,0.0053408
0.04676,0.047291,0.052683,0.04856,0.050305,0.0069886,0.045751,0.049506,0.044718,0.046842,0.0052501
0.046079,0.046568,0.0519,0.047876,0.049583,0.0066444,0.045084,0.048803,0.044049,0.046138,0.0051607
0.045398,0.045844,0.051117,0.047192,0.04886,0.0062914,0.044416,0.048101,0.043381,0.045433,0.0050694
0.044717,0.04512,0.050335,0.046509,0.048139,0.0059274,0.043749,0.0474,0.042714,0.04473,0.004978
0.044036,0.044395,0.049555,0.045827,0.047419,0.0055553,0.043083,0.046699,0.042047,0.044026,0.0048865
0.043355,0.04367,0.048775,0.045145,0.046698,0.0051808,0.042416,0.045998,0.04138,0.043323,0.0047949
0.042674,0.042943,0.047995,0.044464,0.045979,0.0047713,0.041751,0.045299,0.040714,0.042619,0.0047014
0.041993,0.042215,0.047216,0.043783,0.04526,0.0043618,0.041085,0.0446,0.040049,0.041915,0.0046079
0.041313,0.041487,0.046437,0.043102,0.044542,0.0039508,0.040419,0.043902,0.039383,0.041211,0.0045142
0.040633,0.040759,0.045659,0.042422,0.043823,0.0035365,0.039754,0.043204,0.038718,0.040507,0.0044202
0.039952,0.04003,0.044881,0.041742,0.043105,0.0031223,0.039089,0.042507,0.038053,0.039802,0.0043262
0.039273,0.039302,0.044103,0.041063,0.042388,0.0027177,0.038424,0.041811,0.037389,0.039098,0.0042304
0.038594,0.038573,0.043326,0.040384,0.04167,0.0023158,0.03776,0.041115,0.036725,0.038394,0.0041342
0.037917,0.037837,0.042551,0.039706,0.040954,0.0019448,0.037096,0.04042,0.036061,0.037691,0.0040404
0.037239,0.037095,0.041775,0.039029,0.040237,0.0015634,0.036432,0.039725,0.035397,0.036987,0.0039413
0.036562,0.036345,0.041,0.038352,0.039522,0.0012033,0.035769,0.039031,0.034733,0.036283,0.003845
0.035885,0.035597,0.040225,0.037677,0.038806,0.00084705,0.035106,0.038337,0.03407,0.035579,0.0037477
0.035209,0.034851,0.039452,0.037002,0.038092,0.00049616,0.034444,0.037645,0.033407,0.034877,0.0036489
0.034533,0.034105,0.038678,0.036327,0.037378,0.00014524,0.033781,0.036952,0.032744,0.034174,0.0035501
0.033858,0.033379,0.037905,0.035654,0.036664,-0.00021792,0.03312,0.036261,0.032082,0.033471,0.0034511
0.033183,0.032654,0.037132,0.034981,0.035951,-0.00058244,0.032458,0.035569,0.031419,0.032768,0.0033522
0.032508,0.031931,0.03636,0.034308,0.035238,-0.00094865,0.031797,0.034878,0.030757,0.032066,0.0032529
0.031834,0.031223,0.035588,0.033637,0.034526,-0.0013247,0.031136,0.034188,0.030095,0.031363,0.0031515
0.031159,0.030516,0.034817,0.032965,0.033814,-0.0017008,0.030475,0.033498,0.029433,0.030661,0.0030501
0.030486,0.029809,0.034047,0.032295,0.033103,-0.0020786,0.029815,0.032809,0.028771,0.029958,0.0029492
0.029813,0.029103,0.033277,0.031625,0.032392,-0.0024574,0.029155,0.03212,0.02811,0.029256,0.0028486
0.02914,0.028396,0.032509,0.030955,0.031682,-0.002828,0.028495,0.031432,0.027449,0.028554,0.0027425
0.028469,0.02769,0.031741,0.030286,0.030972,-0.0031954,0.027835,0.030745,0.026788,0.027851,0.0026439
0.027798,0.026982,0.030975,0.029617,0.030263,-0.0035603,0.027176,0.030057,0.026127,0.027148,0.0025391
0.027127,0.026273,0.030208,0.028949,0.029554,-0.0039228,0.026517,0.02937,0.025466,0.026446,0.0024346
0.026458,0.025562,0.029444,0.028281,0.028846,-0.0042786,0.025858,0.028684,0.024805,0.025743,0.0023311
0.025789,0.024852,0.02868,0.027613,0.028138,-0.0046344,0.025199,0.027998,0.024144,0.025041,0.0022276
0.02512,0.024141,0.027916,0.026945,0.02743,-0.0049959,0.02454,0.027312,0.023483,0.024339,0.0021219
0.024452,0.02343,0.027154,0.026278,0.026723,-0.0053593,0.023881,0.026627,0.022822,0.023637,0.0020154
0.023783,0.022719,0.026391,0.025611,0.026016,-0.0057226,0.023223,0.025942,0.022162,0.022934,0.0019089
0.023115,0.022017,0.025629,0.024945,0.025309,-0.0060949,0.022564,0.025257,0.021501,0.022232,0.001803
0.022448,0.021316,0.024868,0.024278,0.024603,-0.0064672,0.021906,0.024573,0.02084,0.021529,0.001697
0.02178,0.020619,0.024106,0.023612,0.023897,-0.0068553,0.021248,0.023889,0.02018,0.020827,0.0015893
0.021112,0.019927,0.023345,0.022946,0.023191,-0.0072609,0.02059,0.023205,0.01952,0.020125,0.0014796
0.020445,0.019241,0.022584,0.022281,0.022486,-0.00766,0.019933,0.022522,0.01886,0.019423,0.0013754
0.019778,0.018554,0.021822,0.021616,0.02178,-0.0080885,0.019275,0.021838,0.0182,0.018721,0.0012616
0.01911,0.017867,0.02106,0.020951,0.021075,-0.0085081,0.018618,0.021155,0.017541,0.018019,0.0011533
0.018443,0.017178,0.020299,0.020286,0.02037,-0.008926,0.017961,0.020473,0.016881,0.017317,0.0010451
0.017776,0.016483,0.019538,0.019621,0.019665,-0.0093374,0.017303,0.01979,0.016222,0.016616,0.00093264
0.017109,0.015787,0.018778,0.018957,0.01896,-0.0097488,0.016645,0.019108,0.015562,0.015915,0.00082023
0.016442,0.015086,0.018017,0.018292,0.018254,-0.010172,0.015987,0.018426,0.014902,0.015214,0.00070835
0.015775,0.014381,0.017257,0.017628,0.017549,-0.010602,0.015329,0.017743,0.014242,0.014512,0.00059688
0.015108,0.013677,0.016497,0.016964,0.016843,-0.011033,0.014671,0.017061,0.013582,0.01381,0.00048539
0.01444,0.012972,0.015736,0.016299,0.016137,-0.011476,0.014012,0.016378,0.01292,0.013108,0.00037009
0.013772,0.012268,0.014975,0.015634,0.01543,-0.01192,0.013353,0.015695,0.012259,0.012405,0.00025401
0.013104,0.011565,0.014214,0.014969,0.014724,-0.012367,0.012693,0.015012,0.011597,0.011702,0.00013864
0.012436,0.010865,0.013453,0.014304,0.014016,-0.012818,0.012032,0.014327,0.010934,0.010998,2.48E-05
0.011766,0.010164,0.012691,0.013638,0.013308,-0.013258,0.01137,0.013643,0.01027,0.010294,-9.63E-05
0.011096,0.0094649,0.011929,0.012971,0.0126,-0.013713,0.010708,0.012957,0.0096058,0.0095883,-0.00021131
0.010424,0.0087629,0.011165,0.012302,0.01189,-0.014171,0.010043,0.01227,0.0089387,0.0088812,-0.00033101
0.0097513,0.0080601,0.010402,0.011632,0.011179,-0.014627,0.0093782,0.011583,0.0082712,0.0081739,-0.00045417
0.0090755,0.0073549,0.0096353,0.01096,0.010466,-0.015085,0.00871,0.010892,0.0076,0.0074636,-0.00057568
0.0083997,0.0066496,0.008869,0.010287,0.009752,-0.015543,0.0080417,0.010201,0.0069288,0.0067533,-0.00069708
0.007721,0.0059421,0.0081002,0.0096108,0.0090355,-0.015991,0.0073705,0.0095075,0.0062544,0.0060402,-0.00082219
0.0070387,0.0052319,0.0073281,0.0089311,0.0083155,-0.016427,0.0066958,0.0088103,0.0055759,0.0053234,-0.00095221
0.0063564,0.0045216,0.0065559,0.0082515,0.0075954,-0.016864,0.0060211,0.0081131,0.0048975,0.0046067,-0.0010822
0.0056679,0.0038091,0.0057779,0.0075656,0.0068694,-0.017284,0.0053404,0.0074098,0.0042127,0.003884,-0.0012143
0.0049762,0.0030953,0.0049971,0.0068768,0.0061405,-0.017697,0.0046567,0.0067034,0.0035248,0.0031583,-0.0013474
0.0042829,0.0023807,0.0042147,0.0061862,0.00541,-0.018106,0.0039713,0.0059954,0.0028353,0.0024311,-0.0014826
0.0035805,0.0016615,0.0034239,0.0054863,0.0046709,-0.018498,0.0032766,0.0052783,0.0021364,0.0016954,-0.0016291
0.0028759,0.00094052,0.0026311,0.0047842,0.0039297,-0.018888,0.0025798,0.0045589,0.0014354,0.00095776,-0.0017714
0.0021629,0.00021289,0.0018303,0.0040735,0.0031803,-0.019272,0.0018744,0.0038309,0.00072579,0.00021181,-0.0019219
0.0014399,-0.00052412,0.0010198,0.0033522,0.002421,-0.019657,0.0011587,0.0030925,5.81E-06,-0.00054415,-0.002084
0.00071318,-0.0012651,0.0002059,0.002627,0.001658,-0.020046,0.0004393,0.0023502,-0.00071778,-0.0013036,-0.0022418
-3.12E-05,-0.0020219,-0.00062436,0.0018837,0.00087742,-0.020439,-0.00029773,0.0015897,-0.001459,-0.0020799,-0.0024186
-0.00078038,-0.0027831,-0.001459,0.0011353,9.21E-05,-0.020834,-0.0010395,0.00082434,-0.0022049,-0.0028607,-0.0026004
-0.0015395,-0.0035535,-0.0023029,0.00037671,-0.00070301,-0.021241,-0.0017912,4.89E-05,-0.0029606,-0.0036509,-0.002789
-0.0023249,-0.0043485,-0.0031711,-0.0004092,-0.0015243,-0.021681,-0.0025688,-0.00075333,-0.0037421,-0.0044658,-0.0029956
-0.0031104,-0.0051436,-0.0040394,-0.0011952,-0.0023457,-0.022122,-0.0033465,-0.0015556,-0.0045236,-0.0052807,-0.0032021
-0.0039221,-0.0059618,-0.0049315,-0.0020083,-0.0031929,-0.022583,-0.0041502,-0.0023843,-0.0053305,-0.0061201,-0.0034335
-0.0047584,-0.0068018,-0.0058459,-0.0028467,-0.0040642,-0.023063,-0.0049782,-0.0032376,-0.0061613,-0.0069823,-0.0036879
-0.0055947,-0.0076418,-0.0067604,-0.0036852,-0.0049355,-0.023544,-0.0058062,-0.004091,-0.0069921,-0.0078445,-0.0039423
-0.0064854,-0.0085311,-0.0077242,-0.0045802,-0.0058602,-0.024068,-0.0066881,-0.0049995,-0.0078751,-0.0087572,-0.004238
-0.0073826,-0.0094268,-0.0086942,-0.0054821,-0.0067915,-0.024593,-0.0075766,-0.0059148,-0.0087647,-0.009676,-0.0045436
-0.0083239,-0.010365,-0.0097045,-0.0064299,-0.0077664,-0.025139,-0.0085095,-0.0068751,-0.009697,-0.010636,-0.0048977
-0.0093091,-0.011346,-0.010755,-0.0074238,-0.0087849,-0.025734,-0.009486,-0.0078806,-0.010672,-0.011638,-0.0052788
-0.010323,-0.012355,-0.011833,-0.0084478,-0.0098319,-0.026342,-0.010492,-0.0089156,-0.011674,-0.012666,-0.0057006
-0.0114,-0.013426,-0.01297,-0.009539,-0.010943,-0.027008,-0.011562,-0.010017,-0.012739,-0.013754,-0.0061814
-0.012516,-0.014533,-0.014141,-0.01067,-0.012092,-0.027707,-0.01267,-0.011157,-0.013841,-0.014877,-0.0066969
-0.013649,-0.015658,-0.015329,-0.01182,-0.013258,-0.028422,-0.013795,-0.012315,-0.014959,-0.016017,-0.0072314
-0.014921,-0.016915,-0.016646,-0.013115,-0.014563,-0.029254,-0.015061,-0.013617,-0.016212,-0.017287,-0.0079133
-0.016193,-0.018172,-0.017963,-0.01441,-0.015868,-0.030087,-0.016326,-0.014919,-0.017464,-0.018556,-0.0085952
-0.017535,-0.019496,-0.019345,-0.015779,-0.017243,-0.030959,-0.017661,-0.016293,-0.018785,-0.019891,-0.0093475
-0.019002,-0.020937,-0.020841,-0.017279,-0.018741,-0.031901,-0.019121,-0.017795,-0.020224,-0.02134,-0.010225
-0.02047,-0.022379,-0.022338,-0.018779,-0.02024,-0.032843,-0.02058,-0.019297,-0.021664,-0.02279,-0.011102
-0.022099,-0.023972,-0.023984,-0.020448,-0.0219,-0.03386,-0.022202,-0.020966,-0.023259,-0.024388,-0.012151
-0.023757,-0.025594,-0.025657,-0.02215,-0.023589,-0.03489,-0.023853,-0.022666,-0.024883,-0.026014,-0.013232
-0.025556,-0.027347,-0.027458,-0.023998,-0.025418,-0.035978,-0.025642,-0.02451,-0.02664,-0.027768,-0.014426
-0.027472,-0.029209,-0.029368,-0.025971,-0.027363,-0.037161,-0.02755,-0.026475,-0.028511,-0.029628,-0.015755
-0.029481,-0.031158,-0.031363,-0.028042,-0.029402,-0.038381,-0.029548,-0.028537,-0.030469,-0.031574,-0.01714
-0.031594,-0.033204,-0.033454,-0.030225,-0.031545,-0.03968,-0.031651,-0.030708,-0.032526,-0.033613,-0.018594
-0.033826,-0.035357,-0.035653,-0.032534,-0.033807,-0.041066,-0.03387,-0.033001,-0.034696,-0.035759,-0.020126
-0.036057,-0.037509,-0.037851,-0.034843,-0.036068,-0.042453,-0.036089,-0.035294,-0.036865,-0.037905,-0.021658
-0.038514,-0.039865,-0.040255,-0.037395,-0.038557,-0.044054,-0.038527,-0.037824,-0.039243,-0.040251,-0.023185
-0.040982,-0.04223,-0.042668,-0.039958,-0.041056,-0.045664,-0.040975,-0.040365,-0.04163,-0.042606,-0.024712
-0.043484,-0.044622,-0.04511,-0.042557,-0.043589,-0.04732,-0.043453,-0.042941,-0.044046,-0.04499,-0.026185
-0.046115,-0.047125,-0.047664,-0.045299,-0.046253,-0.049152,-0.046049,-0.045654,-0.046571,-0.047483,-0.027439
-0.048747,-0.049627,-0.050217,-0.048041,-0.048917,-0.050983,-0.048645,-0.048368,-0.049097,-0.049976,-0.028694
-0.051407,-0.052147,-0.052785,-0.050817,-0.051612,-0.052898,-0.051255,-0.051115,-0.051631,-0.052492,-0.029593
-0.054081,-0.054676,-0.05536,-0.053609,-0.054321,-0.054852,-0.053871,-0.053878,-0.054169,-0.055019,-0.03033
-0.056738,-0.057182,-0.057902,-0.056385,-0.057016,-0.05683,-0.056456,-0.056628,-0.056672,-0.057535,-0.030735